:020000040800F2
:1000000078970020850200081B91000853520008D1
:10001000199100080D1C000861B5000800000000DF
:10002000000000000000000000000000DF98000851
:10003000C1200008000000002D9400089D9C0008CD
:100040009F0200089F0200089F0200089F0200080C
:100050009F0200089F0200089F0200089F020008FC
:100060009F0200089F0200089F0200089F020008EC
:100070009F0200089F0200089F0200089F020008DC
:100080009F0200089F0200089F0200089F020008CC
:100090009F0200089F0200089F0200089F020008BC
:1000A0009F0200089F0200089F0200089F020008AC
:1000B0009F0200089F0200089F0200089F0200089C
:1000C0009F0200089F0200089F0200089F0200088C
:1000D0009F02000821AC00089F0200089F02000850
:1000E0009F0200089F0200089F0200089F0200086C
:1000F0009F0200089F0200089F0200089F0200085C
:100100009F0200089F0200089F0200089F0200084B
:100110009F0200089F0200089F0200089F0200083B
:100120009F0200089F0200089F0200089F0200082B
:100130009F0200089F0200089F0200089F0200081B
:100140009F0200089F0200089F0200089F0200080B
:100150009F0200089F0200089F0200089F020008FB
:100160009F0200089F0200089F0200089F020008EB
:100170009F0200089F0200089F0200080000000084
:100180009F0200089F0200089F0200089F020008CB
:100190009F0200089F0200089F0200089F020008BB
:1001A0009F0200089F0200089F02000800F002F86A
:1001B00000F058F80AA090E8000C82448344AAF1A9
:1001C0000107DA4501D100F04DF8AFF2090EBAE8A7
:1001D0000F0013F0010F18BFFB1A43F0010318477B
:1001E000EC1701000C180100103A24BF78C878C140
:1001F000FAD8520724BF30C830C144BF04680C602D
:10020000704700000023002400250026103A28BF74
:1002100078C1FBD8520728BF30C148BF0B60704778
:1002200066290CF0AB86642900F0BE80782900F0C6
:10023000F780732900F0AD85002070471FB50CF0E2
:1002400098FE00F001FE0400002000210CF09CF953
:10025000401C6060002000210CF080F9E0601FBDB0
:1002600010B510BD00F040FF1146FFF7E7FF0BF09F
:10027000D7FC00F06CFF03B4FFF7F2FF03BC0BF0F8
:1002800072FC00000948804709480047FEE7FEE786
:10029000FEE7FEE7FEE7FEE7FEE7FEE7FEE7FEE736
:1002A00004480549054A064B70470000A19C000818
:1002B000AD01000878910020789700207893002005
:1002C00078930020704700000FB4044910B503AACA
:1002D000029800F063FD10BC5DF814FB7C00002068
:1002E0000FB41CB5074B06AA7B44694600900598DD
:1002F00000F025FD0020694600F034FD1CBC5DF8CF
:1003000014FB0000790A000070B504468569006896
:10031000C10601D5302600E02026C00707D070BDF9
:10032000D4E9012130469047206A401C20626D1EAE
:10033000F6D570BD70B5044685690078C00707D151
:1003400070BDD4E9012120209047206A401C206222
:100350006D1EF6D570BD70B50C460546012A05D058
:100360002878800600D5EA69002302E0012305E031
:100370005B1C934202D2E05C0028F9D1A869E61820
:10038000C01AA861286A184428622846FFF7BCFFF3
:1003900004E0D5E9012114F8010B9047B442F8D3E9
:1003A0002846FFF7C7FF70BD2DE9F041064600243F
:1003B00010687529314616A510D0AFF300800028CB
:1003C00002DA404213A507E031688A0701D512A579
:1003D00002E0490704D511A5012401E0AFF3008034
:1003E00000210A2206F1240709E0B0FBF2FCB0FB71
:1003F000F2F302FB1C00303078541846491C0028E8
:10040000F3D123462A463046BDE8F04100F029BA30
:10041000000000002D0000002B0000002000000064
:1004200070B504460D4621461068AFF30080218860
:10043000090502D50F4A7A4402E00E4A7A440E3288
:10044000002104F1240305E000F00F060009965D89
:100450005E54491C0028F7D120780023000704D5FA
:10046000702D02D009B1022311322046BDE8704040
:1004700000F0F7B9481401002DE9F05F8946044601
:100480004FF0000ADFF824B1FB44C0F820A020465A
:10049000E168884700287DD0252806D0D4E90121CD
:1004A0009047206A401C2062F1E700255F46204605
:1004B000E16888472028064607DB312E05D2B819A7
:1004C00010F8200C08B10543F1E7A80701D525F085
:1004D0000405C4F81CA00027C4F818A02A2E09D0CF
:1004E00030460BF039FB38B304EB8708303EC8F8D0
:1004F000186019E059F8041B204604EB870291614B
:10050000E1688847012F064618D1E069002820DA03
:1005100025F020051DE0D8F8180000EB800006EB60
:1005200040003038C8F818002046E1688847064681
:100530000BF012FB0028EED1012F0AD02E2E08D18D
:100540002046E16888477F1C0646022F45F02005BB
:10055000C4DBA069002803DA404245F00105A06130
:10056000E80701D025F01005A6B1A6F14100192831
:1005700002D8203645F400654A46314620462560BB
:100580004D46FFF74DFE60B1012807D0ED1D25F067
:10059000070000E007E000F1080978E705F1040929
:1005A00075E730467AE7206ABDE8F09F1E14010027
:1005B00070B5064600F046F90468054630460A2242
:1005C000002100F0FDFB2C6070BD30B505460B46E8
:1005D0002A4613F8014B12F8010B08B1A042F8D0DB
:1005E0001CB1002802D06D1CF1E7284630BD40EA5E
:1005F0000103024630B59B0710D14FF0013400E0F3
:1006000008C208C91D1B9D4315EAC41FF8D013F08A
:10061000FF0102F8011B0DD01B0AF8E711F8013B9E
:10062000002B02F8013B05D011F8013B002B02F82A
:10063000013BF3D130BD10B5431C02E010F8011BA3
:1006400071B18107FAD14FF0013202C88C1A8C4384
:1006500014EAC211F9D0C01A0A0603D0C01E10BD98
:10066000C01A10BD0A0401D0801E10BD0902FCD0C2
:10067000401E10BD40EA010370B59B072ED14FF01C
:100680000136042A2AD308C810C99D1B9D43121F96
:1006900015EAC61517D0D8B2E1B2401A50EA056182
:1006A00010D198B2A1B2401A50EA05410AD123F004
:1006B0007F4024F07F41401A50EA052102D1180EF4
:1006C000A0EB146070BDA342DBD018BA21BA8842F7
:1006D00001D9012070BD4FF0FF3070BD0AB9002074
:1006E00070BD10F8013B11F8014B63B1A3420AD170
:1006F000521E08D010F8013B11F8014B1BB1A34268
:1007000001D1521EEDD1181B70BD10B5203AC0F0BA
:100710000B80B1E81850203AA0E81850B1E8185002
:10072000A0E81850BFF4F5AF5FEA027C24BFB1E83F
:100730001850A0E8185044BF18C918C0BDE81040B0
:100740005FEA827C24BF51F8043B40F8043B08BFB9
:100750007047D20728BF31F8023B48BF11F8012B80
:1007600028BF20F8023B48BF00F8012B70474FF02C
:10077000000200B5134694469646203922BFA0E8F1
:100780000C50A0E80C50B1F12001BFF4F7AF0907FD
:1007900028BFA0E80C5048BF0CC05DF804EB8900EE
:1007A00028BF40F8042B08BF704748BF20F8022B31
:1007B00011F0804F18BF00F8012B70474FF0013C3B
:1007C00050F8042B51F8043B9A4221D1A2EB0C03C0
:1007D000934313EACC1317D150F8042B51F8043B80
:1007E0009A4215D1A2EB0C03934313EACC130BD11D
:1007F00050F8042B51F8043B9A4209D1A2EB0C03A8
:10080000934313EACC13DBD04FF00000704700BFD6
:10081000D01A01BAB1FA81F101F0180122FA01F0FF
:10082000CB40C1F12001DBB2C0B2C01A2CFA01F3F7
:10083000D11A914311EAC311E6D17047704770474E
:1008400070477047004870471491002010B5FFF7BB
:10085000F9FF006810BD10B50446FFF7F3FF046010
:1008600010BD2DE9F0470D4699469246044600F129
:1008700024080168880604D5E06921F01001216090
:1008800000E00120A84201DD471B00E00027A1692C
:100890007A1902EB0900081AA0612078C00602D478
:1008A0002046FFF731FD002608E0D4E901211AF8BF
:1008B00006009047206A401C761C20624E45F4DBFF
:1008C0002078C0060AD52046FFF71EFD06E0D4E9D1
:1008D000012130209047206A401C2062381EA7F179
:1008E0000107F4DC07E0D4E9012118F8050090477E
:1008F000206A401C2062281EA5F10105F3DC204679
:10090000FFF718FD2078000602D50220BDE8F08729
:100910000120FBE770472DE9FF4F0C461E464FF0C4
:10092000FF378BB0D2E90001DDF860800A908A467B
:10093000C1F30A5505B93D46002108464FF00000B5
:10094000BAF1000F00F4400005DA00EB80004FF42C
:10095000400101EA50004FEA9059B9F1010F00DD62
:10096000B9460A9850EA4A000ED044F61050A5F253
:10097000FF3545432F14B8F1000F1ED07542291ED4
:100980001EDDC9F100021CE0B8F1010F4FF00000BC
:1009900001D0302103E0F24305E02154401CB04275
:1009A000FBDB30460022002121540B99C1F808805E
:1009B000C1E900200FB0BDE8F08FBD1B6D1CDEE764
:1009C0004A4600DA694206A800F018FB06AB93E835
:1009D000070003AB83E8070050460A9900F0C0FB0C
:1009E0008DE80700A0F500501F3800900398002DF7
:1009F0000ADD42F21F014A460844002303A903907E
:100A0000684600F029FE09E0A0F500504A461F386C
:100A1000002303A90390684600F033FE8DE8070029
:100A20000004000C03D04FF0FF30410800E01046F6
:100A3000B8F1000F03D00022009215461EE0751E8B
:100A400005D400F005FA303262556D1EF9D5B34673
:100A50000122084302D000227F1C04E020783028C5
:100A600001D100227F1E002A099784D01DE0112D9C
:100A700007DA00F0EDF9303262556D1C50EA0102E0
:100A8000F5D1084302D00098C8B10EE00021681EDD
:100A900005E0235C625C63542254401E491C814281
:100AA000F7DBAB46A81B401E0990002004F80B00A2
:100AB0000B98099AC0F80880C0E9002B7AE7112644
:100AC0004FF0000857E72DE9F04F88460446D21D45
:100AD00022F0070191B0D1E90001CDE90A010AF045
:100AE000E6FF02460B98C00F01D02D2007E02068DA
:100AF000810701D52B2002E0202101EAC000032A52
:100B0000099001D0072A05DB03464146204600F044
:100B1000E5F90BE12078800601D5E06900E00620C8
:100B2000B8F1650F814606D0B8F1660F18D0B8F15C
:100B3000670F70D131E00020B9F1110F009001DB97
:100B4000112301E009F101030AAA01A90CA8FFF78A
:100B5000E2FEDDE90C70002609F10105834647E05D
:100B600001204B4600904FF000470AAA01A90CA8AB
:100B7000FFF7D1FEDDE90DB00C995D46002610B9F6
:100B800009F101000D18B9EB050003D4C0F1FF36DF
:100B900009F10105A5EB09002BE0B9F1010F01DA1C
:100BA0004FF001090020B9F1110F0090484601DD16
:100BB000112300E003460AAA01A90CA8FFF7ABFE27
:100BC000DDE90C704D4600268346207800070AD4E4
:100BD000AB4500DA5D4601A8012D04DD411911F88D
:100BE000011C302907D04F4502DA17F1040F04DA4F
:100BF000012082460FE06D1EEEE7002F02DCED1BA8
:100C00003E4403E0781CA84200DD7D1CB81B00F1C7
:100C1000010A4FF000472078000703D4AA4501DB02
:100C20004FF0FF3A0021B7F1004F0DF143088DF866
:100C3000431024D002202B23002F01DA7F422D23E2
:100C40000A21021EA0F1010000DC5FB197FBF1FC5C
:100C500097FBF1F201FB1C7C17460CF1300C08F8F5
:100C600001CDEEE7A8F1010003702188090501D547
:100C7000452100E06521A0F1010800F8011C099858
:100C80000FA9A1EB0807FF1D00B10120411901EBDD
:100C9000EA70A1693844081A401EA0612078C00695
:100CA00002D42046FFF730FB099828B1D4E901218E
:100CB0009047206A401C20622078C00622D520463A
:100CC000FFF722FB1EE0002E04DBB34502DD01A886
:100CD000805D00E03020D4E901219047206A401C6B
:100CE0002062761CAAF101005FEA000A0AD100F036
:100CF000ABF8C0680168405CD4E901219047206AE4
:100D0000401C2062281EA5F10105DCDC07E0D4E9C7
:100D1000012118F8010B9047206A401C2062381E00
:100D2000A7F10107F3DC2046FFF704FB032011B015
:100D300041E6000001694A1C02610878704700B56D
:100D40008FB0CDE901310021059105497944CDE904
:100D5000031011466846FFF78FFB0FB000BD00007F
:100D6000E5FFFFFF0A6802F8010B0A60704710B543
:100D7000436913B1AFF3008001E0FFF7ECFA012003
:100D800010BD127800F124010A7000224A7001227D
:100D9000EDE711684FF0FF32E9E70000074B70B54F
:100DA0000D467B44FFF7CBFF0446284600F098F938
:100DB00010B14FF0FF3070BD204670BD67AE00002F
:100DC0002DE9F04791460F4680460446002614F868
:100DD000015B2DB100F030F80068405DC007F6D12E
:100DE0002B2D02D02D2D18D0641E4A4639462046A0
:100DF00000F0B4F827B13968A14201D1C7F80080EA
:100E00004FF0020471050BD54042002803DDFFF7C7
:100E100019FD0460A007BDE8F08746F48066E4E7AA
:100E20000028F8DAFFF70EFD04606FF00040F2E7EB
:100E3000004870471491002010B500F005F8001D1F
:100E400010BD00BF45B70000004870473491002036
:100E500030B5B0F10A024FEA900E71F100034EEA8C
:100E6000817EB0EB0E0061EB91014FEA101E4EEA5D
:100E7000017E10EB0E0041EB11114FEA102E4EEAED
:100E8000016E10EB0E0041EB11214FEA104E4EEABD
:100E9000014E10EB0E0041EB1141401841F10001F1
:100EA0004FEAD00040EA41704FEAD10110EB8005D3
:100EB0004FEA810444EA907444EB01046D1944EB59
:100EC0000404521BA3414FF0000348BF0A3200D56F
:100ED00030BD401C41F1000130BD00002DE9F04162
:100EE0001F46044603260168072A01F4006004DB5C
:100EF00008B116A505E016A503E008B115A500E0A8
:100F000015A521F010002060A069C01EA0610FB1DE
:100F1000401EA0612046FFF7F7F94FB1D4E9012147
:100F200038469047206A401C2062C01C206206E0C0
:100F3000206AFAE7D4E9012115F8010B9047761EE3
:100F4000F8D22046FFF7F6F9BDE8F0814E414E0099
:100F50006E616E00494E4600696E66002DE9F05FD5
:100F6000824615468B4600270AF10104B9460078EF
:100F7000302801D09DB113E014F8010B0127782827
:100F800003D0582801D045B10AE00DB1102D07D18A
:100F9000002714F8010B102502E0082500E00A25BF
:100FA0000026B0460EE005FB080005FB06F1012710
:100FB0001FFA80F801EB1046B6F5803F00D3B94622
:100FC00014F8010B294600F0B4F80028EBDABBF165
:100FD000000F05D00FB1641E00E05446CBF800406E
:100FE000B9F1000F06D0FFF72DFC02210160C81EE9
:100FF000BDE8F09F48EA0640FAE700002DE9F04717
:10100000814616468AB0354878440DC88DE80D00F3
:1010100032487844801C03AC0DC884E80D0041F6CA
:101020009B300844372190FBF1F290FBF1F5A5F1DC
:10103000800501FB12041B3C02D56442012000E044
:101040000020DFF898A080460027FA44AAF1BE0AE3
:101050000EE0E0070AD03246684607EB470101235D
:101060000AEB810100F00DFB8DE8070064107F1C86
:10107000002CEED1194F7F44AE3F19E0E80715D0A0
:1010800007EB04100DF1180A90E80E008AE80E0034
:10109000C068F04201D1981908903246012306A990
:1010A00003A800F0EEFA03AB83E807006D10641CA0
:1010B000002DE3D14FF0010332466946B8F1000F2D
:1010C00003A802D000F0C8FA01E000F0DAFAC9E99A
:1010D0000001C9F808200AB0BDE8F0872C0901001A
:1010E000007B00F0800070477546FFF7A1FEAE461A
:1010F00005006946534620F00700854618B020B524
:10110000FFF7CEF8BDE820404FF000064FF0000793
:101110004FF000084FF0000B21F00701AC46ACE89F
:10112000C009ACE8C009ACE8C009ACE8C0098D460C
:1011300070473A2800D2303820F02002412A01D3EB
:10114000A2F13700884201D34FF0FF30704710B54D
:101150000446AFF300802046BDE81040FFF78BB88F
:101160005FEA400C08BF91F0000F4FEA8C234FEA72
:10117000C12243EA51514FEA1C5018BF00F5F0401C
:101180004FEA300018BF41F000415FEA6C5C00F0AC
:101190002980BCF1FF3F08BF40F080407047130C2E
:1011A00006BF12044FF0100C4FF0000C130E04BFDA
:1011B00012020CF1080C130F04BF12010CF1040C05
:1011C000930F04BF92000CF1020CD30F04BF520026
:1011D0000CF1010C11464FF00002A0F11F00A0EB32
:1011E0000C00704711F0004F08BF704731F000410C
:1011F0003FF4D5AF0B0C06BF09044FF0100C4FF0B5
:10120000000C0B0E04BF09020CF1080C0B0F04BFFD
:1012100009010CF1040C8B0F04BF89000CF1020CC6
:10122000CB0F04BF49000CF1010CCCF12003A0EB63
:101230000C0022FA03F302FA0CF241EA030100F176
:101240000100704720F07F4C80EA030023F07F47C5
:10125000ACEB070303F57C5300F0004003F1FF0300
:101260002DE980494FEA154B09B44FEA144325EAAA
:101270000B4E24EA03480FF2042606EB1327490815
:101280003E785FEA320203FB0667C7F5000707FBFB
:1012900006F64FEA54374FEAD64606F1020607FB38
:1012A000066CCCF1005C4FEA1C472CEA074C07FBAC
:1012B00006F40CFB06F504EB15464FEA961634BF10
:1012C00000204FF000404FEAD13706FB07FC4FEA01
:1012D0001C4C0CFB0BF7D21B03FB0CF761EB07015B
:1012E0000CFB0EF7B0EB074072EB17420CFB08F754
:1012F00034BFA2EB0742B2EB074261EB17414FEA62
:101300000C444FEA910706FB07FC4FEA1C4C0CFB10
:101310000BF7B0EBC74072EB573203FB0CF734BF4F
:10132000A2EBC742B2EBC74261EB57310CFB0EF7A1
:10133000B0EBC70072EB57720CFB08F734BFA2EB9F
:10134000C702B2EBC70261EB5771039F4FEA81619D
:1013500041EA921104EBCC044FEAD1374FEA8262A2
:1013600006FB07FC42EA90124FEA80604FEA1C4CF1
:101370000CFB0BF7D21B03FB0CF761EB07010CFB1B
:101380000EF7B0EB074072EB17420CFB08F734BFC7
:10139000A2EB0742B2EB074261EB17414FEA8C55D3
:1013A0004FEA910704EB9C2406FB07FC4FEA1C4C18
:1013B0000CFB0BF7B0EBC74072EB573203FB0CF79B
:1013C00034BFA2EBC742B2EBC74261EB57310CFB13
:1013D0000EF7B0EBC70072EB57720CFB08F734BF87
:1013E000A2EBC702B2EBC70261EB577115EB4C25BC
:1013F0004FEA816141EA92114FEA82624FEAD137A6
:1014000042EA901206FB07FC44F100044FEA8060B8
:101410004FEA1C4C0CFB0BF7D21B03FB0CF761EBE8
:1014200007010CFB0EF7B0EB074072EB17420CFB09
:1014300008F734BFA2EB0742B2EB074261EB17415A
:1014400015EB1C154FEA813141EA92414FEA823295
:1014500042EA90424FEA80304FEA0C7644F10004B1
:1014600048EA03434EEA0B484FF0000EB2EB080C7B
:1014700071EB030724BF624639464EEB0E0E4FF068
:10148000000B0018524149414BEB0B0BB2EB080C1F
:1014900071EB03077BF1000B24BF624639464EEB2C
:1014A0000E0E4FF0000B0018524149414BEB0B0B55
:1014B000B2EB080C71EB03077BF1000B24BF624613
:1014C00039464EEB0E0E51EA020718BF46F00106F0
:1014D00016EB0E7655F1000254F1000103D5BDE87C
:1014E0008901BDE80088BDE88901BDE80048B6195A
:1014F000524141EB0101A3F10103704780807F7EDF
:101500007D7C7B7A79787776767574737271717079
:101510006F6E6E6D6C6C6B6A6A696868676666652B
:101520006464636362616160605F5F5E5E5D5D5CB9
:101530005C5B5B5A5A59595858575756565555552A
:101540005454535352525251515050504F4F4F4E8A
:101550004E4D4D4D4C4C4C4B4B4B4A4A4A494949D8
:10156000484848474747474646464545454444441A
:10157000444343434342424242414141002B9C4643
:1015800030D477002BD01CB54FEA370703B44FF0A7
:1015900010004FF01001BAF1000F06D0BCF1000F9F
:1015A000DCBF40F0080040F008014FF000000FBC25
:1015B000BDE810400BF1010BBBF1010F08BF5FEA62
:1015C000170722BF12F1010211F101014FF0004192
:1015D00043F1000300F0004043EA00007047F9D3F4
:1015E0005708D0E746EA064613F1400F4FEA164681
:1015F0001FDD13F1200FDFBF16430A460021203301
:101600005B42BED0C3F1200746EA064602FA07F75E
:101610004FEA164646EA0706C3F1200722FA03F20C
:1016200001FA07F721FA03F14FF0000342EA07023B
:10163000A7E746EA020646EA06464FEA164646EAA3
:101640000106BCBF46EA0646360C4FF000034FF0D9
:1016500000024FF0000194E72DE9804C9A46934632
:1016600070B491E8380007C831EA400C48BF34EA4A
:10167000430C03D5FFF7E6FDFFF780FFF0BCBDE8A4
:10168000008C2DE9804C9A46934670B491E838005E
:1016900007C810F0804F08BF13F0804F03D100F04F
:1016A00005F8FFF76BFFF0BCBDE8008C20F07F472A
:1016B00080EA030023F07F4C07EB0C03A3F57C5377
:1016C00000F00040A3F1FE0392F0000F00F0B380A1
:1016D00095F0000F00F077802DE901494FEA1140A5
:1016E0004FEA144621EA004800FB06FC24EA0647BC
:1016F00008FB06F607FB08F800FB07F718EB06489F
:101700004CEB164C4FEA124B18EB07484FEA1546C4
:101710004CEB174022EA0B4E0BFB06FC25EA064772
:101720000EFB06F607FB0EFE0BFB07F71EEB064E45
:101730004CEB164C4FF000061EEB074E4CEB174BD4
:1017400018EB0B0840F1000018EB0E0B58EB0008EB
:1017500040F100008F1A4FF000013CBFC943661BE7
:1017600014BFB5EB040C00213CBFC943F61B4FEA84
:1017700017444EEA8E0E27EA04454FEA1C4704FB45
:1017800007622CEA074C05FB07F70CFB05F604FB88
:101790000CFC16EB074642EB174216EB0C4642EBED
:1017A0001C421BEB060658EB0202414146EA9E062C
:1017B00001D5BDE80189B619524141EB0101A3F100
:1017C0000103BDE801894FEA14454FEA114724EAB5
:1017D000054621EA074C05FB07F406FB07F70CFB5F
:1017E00006F105FB0CFC11EB074144EB17444FEAF3
:1017F000124711EB0C4144EB1C4422EA074C05FB59
:1018000007F206FB07F70CFB06F605FB0CFC16EBD4
:10181000074642EB174216EB0C4642EB1C456A1892
:1018200054F1000148BF7047B619524141EB010124
:10183000A3F10103704795F0000F37D04FEA114232
:101840004FEA144721EA024624EA074C02FB07F15B
:1018500006FB07F70CFB06F402FB0CFC14EB074439
:1018600041EB17414FEA154714EB0C4441EB1C4187
:1018700025EA074C02FB07F506FB07F70CFB06F60B
:1018800002FB0CFC16EB074645EB174516EB0C4626
:1018900045EB1C42121951F1000148BF7047B619BF
:1018A000524141EB0101A3F1010370474FEA144596
:1018B0004FEA114724EA054621EA074C05FB07F1E8
:1018C00006FB07F70CFB06F24FF0000605FB0CFCCD
:1018D00012EB074241EB174112EB0C4251EB1C415A
:1018E00048BF7047921841EB0101A3F10103704713
:1018F0004A4910B5D1F8042322F44032C1F8042338
:10190000D1F8042343681A43C1F8042301684A68E4
:1019100022F480724A6001684A68036942EA03223D
:101920004A6001684A6822F040724A6001684A6869
:1019300083681A434A6001688A6822F400628A60F8
:1019400001688A68C3681A438A60C16A6FF070626E
:10195000D14201688A6822F070628A6001688A68F0
:101960000CD0C36A1A438A6001688A6822F0405228
:101970008A6001688A68036B1A4301E022F04052D2
:101980008A6001688A6822F002028A6001688A68B7
:10199000836942EA43028A60416A002901684A6811
:1019A00015D042F400624A6001684A6822F460423D
:1019B0004A6001684B684FF46044826A94FAA4F468
:1019C000B4FA84F4521EA24013434B6002E022F4A6
:1019D00000624A600168CA6A22F47002CA62016841
:1019E000CA6A038C0E4C04EB03531A43CA620168A3
:1019F0008A6822F400728A6001688A68C36942EAD0
:101A000043228A6001688A6822F480628A600168E1
:101A10008A68406942EA8020886010BD0020014049
:101A20000000F0FF03F036BC70B515460E460446C4
:101A300008E02046641CA4B200F007F86D1E06F80A
:101A4000010BADB2002DF4D170BD10B5044603F00A
:101A5000C9FC200AA02101EB4000C0B203F092FCB7
:101A600003F000FDE0B203F08DFC03F0FBFC03F09B
:101A7000B9FCA12003F086FC03F0F4FC002003F085
:101A80004DFC044603F0CEFC204610BD70B5144654
:101A90000D46064606E02978304600F007F8761C29
:101AA000B6B26D1C641EA4B2F5D270BD70B50D4601
:101AB000044603F097FC200AA02101EB4000C0B2CD
:101AC00003F060FC03F0CEFCE0B203F05BFC03F03B
:101AD000C9FC284603F056FC03F0C4FC03F0A2FC4A
:101AE000BDE870400A200AF049B800000C4800B573
:101AF000026887B0002142F080020260006800F0B6
:101B0000800005900420CDE900010120029003200F
:101B100003906946034801F0A7FD07B000BD00002F
:101B200030380240001C0240234800B5016887B0ED
:101B300041F002010160016801F0020105910168B4
:101B400041F001010160016801F0010105910168A6
:101B500041F0040101600068032100F004000590D9
:101B60000120CDE90201019000906946134801F07F
:101B70007BFD022000906946114801F075FD32207E
:101B8000009069460F4801F06FFD0121002000F030
:101B90001BF80121084600F017F80121022000F08F
:101BA00013F80121032000F00FF80121042000F0B8
:101BB0000BF807B000BD00003038024000040240BE
:101BC000000002400008024002460D48052A16D2D5
:101BD000DFE802F003070B0E11000A460121094855
:101BE0000BE00A460221084807E00A46102104E0FB
:101BF0000A46202101E00A46022101F028BE704772
:101C0000000802400004024000000240FEE700001D
:101C10002DE9F0410D4E0025C6F88C52022006F544
:101C2000237609F0B9FF0A4F0124C7F89842022031
:101C300007F5267709F0B0FF3D60022009F0ACFF00
:101C40003460BDE8F041022009F0A6BF0000444224
:101C500000804342164810B5016886B041F080010B
:101C60000160016801F080010591016841F4807113
:101C700001600068012400F480700590402000900D
:101C80001120CDE90104032003906946094801F0C1
:101C9000EBFC082000906946074801F0E5FC074886
:101CA000C0F88C420648C0F8984206B010BD00004B
:101CB00030380240001C0240002002400000444234
:101CC0000080434270B50B480124C0F88C420220CA
:101CD00009F062FF084DC5F89842022005F5267507
:101CE00009F05AFF00202860BDE87040022009F08A
:101CF00053BF000000004442008043422DE9F047FA
:101D00000024DFF84C80134E824625460127A14669
:101D10006006040EC6F89872022009F03DFFD8F85C
:101D20000C0208B1641CE4B2C6F89892022009F0D3
:101D300033FF6D1CEDB2082DEAD3BAF1000F04D0C9
:101D4000FFF766FF2046BDE8F087FFF7BBFFF9E726
:101D500000004442008043422DE9F04700240E4E2B
:101D60000E4F0546A1464FF00108E809C6F88C025F
:101D7000022009F011FFC7F89882022009F00CFF39
:101D8000C7F898926806641C050EE4B2082CECD3E0
:101D9000C6F88C82BDE8F0870000444200804342D0
:101DA00070B50C4E0120C6F88C020B4DC5F8980298
:101DB000022005F5267506F5237609F0EDFE0024D0
:101DC0003460022009F0E8FE2C60BDE8704002207B
:101DD00009F0E2BE000044420080434270B50B4C63
:101DE0000020C4F88C02022004F5237409F0D4FE0C
:101DF00007480125C0F89852022009F0CDFE256061
:101E0000BDE87040022009F0C7BE00000000444257
:101E1000008043422DE9F0410024124E012725465F
:101E2000C6F88C72022009F0B7FE38460E4FC7F88C
:101E3000980207E0641CE4B2FA2C03D9FFF7CEFF46
:101E4000012506E0022009F0A7FED6F80C020028C2
:101E5000F0D10020C7F89802022009F09DFE284624
:101E6000BDE8F081000044420080434270B5164D49
:101E70000024286820F4404028602868286004E096
:101E8000641CE4B2012009F087FE8021284601F09D
:101E9000D9FC10B1C82CF3D30FE0C82C0DD200240C
:101EA00004E0641CE4B2012009F076FE802128469B
:101EB00001F0C8FC18B1F02C04D3012070BDF02C47
:101EC000EFD3FAE7002070BD0000024070B500F0CB
:101ED000B3F84FF4487009F051FE00F08DF8FFF7A9
:101EE000C5FFCC2000F0B6F8BE2000F0B3F800F03B
:101EF00073F8044600F070F8072805D9C043E143A1
:101F0000C0B2CCB2002500E0012504EB002000B2F5
:101F10000AF061FC9FED061B53EC112B0AF0C2FC8A
:101F20000AF0FCFB00B2002D01D1404200B270BDAE
:101F3000000000000000E43F0D4800B5016887B0D4
:101F400041F0010101600068694600F00100059060
:101F5000802000900120019002900320039005480A
:101F600001F082FB00F048F8FFF780FF07B000BDEA
:101F7000303802400000024010B5164C206820F4B2
:101F800040402060206840F4804020600022802192
:101F9000204601F05CFC022009F0FEFD01228021B8
:101FA000204601F054FC206820F440402060206866
:101FB00020600C2009F0F0FD8021204601F042FC59
:101FC00008B1012400E00024322009F0E5FD20469C
:101FD00010BD00000000024070B500250124FFF78D
:101FE000CBFFC001641C40EA5500E4B2C5B2082C26
:101FF000F5D9284670BD000010B50E4C206820F4BD
:1020000040402060206840F4804020600022802111
:10201000204601F01CFC40F2EE2009F0BDFD01223B
:102020008021204601F013FCBDE810400F2009F08C
:10203000B3BD00000000024010B5FFF7DDFFFFF761
:1020400015FFCC2000F006F8BDE81040442000F059
:1020500001B8000070B5194E0546306820F44040C4
:102060003060306840F480403060012415F0010F8A
:102070004FEA55054FF000024FF0800130460BD07B
:1020800001F0E5FB022009F087FD012280213046A6
:1020900001F0DDFB3C200AE001F0D9FB3C2009F017
:1020A0007BFD01228021304601F0D1FB022009F0A6
:1020B00073FD641CE4B2082CD8D970BD0000024046
:1020C000704700002DE9FE431D4607464819144697
:1020D000DDE90A8983B2381982B20E463846CDF856
:1020E000008003F0DDFB11494FF6FF70C1F800805E
:1020F0000F4908604846FEF79EFA103D05EBD57182
:1021000000231025CDF800904042CDE9015304EBA7
:10211000C00007EB500006EB610180B289B22B468C
:10212000224607F021FDBDE8FE8300008400002068
:10213000800000202DE9FE430E46034620499046CC
:102140002933488CC98CA0F10A0201EB50006C388D
:102150009CB285B2601F491D80B28FB2014692B217
:102160002023384609F098FC022E27D104F11800EC
:10217000144F83B205F1D80040F2FF7682B22146B7
:1021800028463E6003F0A4FA0F4942F2241008608A
:1021900040463E60FEF74FFA4042D821002210230D
:1021A000CDF8008001EBC000CDE9013205EB500015
:1021B000241D80B2A1B2D82207F0D6FCBDE8FE8370
:1021C0000000002080000020840000202DE9FE4354
:1021D0000446104442F22417DDF82880CD1882B25C
:1021E0000E46ABB22046009703F05AFB40F21D505A
:1021F0000090601D82B2ABB23146204603F050FB26
:102200000A480B49182207604AF6BE6008600021A0
:10221000CDF80080CDE901210A360F341346B1B262
:10222000A0B2C82207F0A0FCBDE8FE838400002015
:10223000800000202DE9FF4F83B08046851A1044AE
:102240000E46A1EB020B02FB02F901EB020A009021
:1022500013E0A5EB08075C467F430AE0A01B00FBE8
:102260000071494504DCA1B2A8B2069A03F0A6FAAF
:10227000641CA245F2DA00986D1CA842E9DA0B4909
:102280000698083E08600A494FF6FF701023086060
:1022900010991020CDE90001A8F10400B1B280B27C
:1022A000322206F0E8FA07B0BDE8F08F8400002083
:1022B00080000020FEB541F2820003F0FDF82B4CB7
:1022C00040F21D55009500212D23628B084603F036
:1022D000E7FA27482749002205604FF6FF7008609B
:1022E000182125A08DE807000B464FF4E1720A2162
:1022F000142007F039FC26A000904FF402752B46FD
:10230000228C2821A08CFFF761FF24A000902B468F
:10231000628C2821E08CFFF759FFA06D142807DD9F
:1023200021A1009183B2628D218D0A20FFF74EFF1B
:10233000E08C618C47F6EF3600EB51051EA0009053
:10234000A5F1410080B233461622A18DFFF772FF3E
:102350001AA000904135A8B233461622A18DFFF78E
:1023600069FFBDE8FE4009F08FB8000000000020C2
:102370008400002080000020D6C7C4DCD3E3B8D797
:10238000BCE0BFD8D6D5B6CB205633382E300000AF
:10239000CAB5CAB1BCE0BFD800000000C9E8B1B8F6
:1023A000BFD8D6C600000000CFB5CDB3D4CBD0D0B7
:1023B000C8D5D6BE000000002D0000002B00000094
:1023C00030B587B014216846FEF7D1F912480025D0
:1023D000016841F080010160016801F08001059110
:1023E000016841F0010101600068012400F0010072
:1023F00005900C20CDE9000569460294074801F0DC
:1024000033F94FF48870CDE9000569460294044819
:1024100001F02AF907B030BD30380240001C0240FC
:102420000000024070B5B3F5804F05D06FF07041E9
:1024300040F82210002070BD50F82230084C234094
:10244000D1E9004544EA05148D688E892D0245EADC
:10245000064589692C430C431C4340F82240E9E7B8
:102460000000F0CFF0B50C6850F82450194A154020
:10247000D1E90123D1E903671A433E4332434E6950
:1024800032438E693243CE6932430E6A32434E6A1A
:1024900032438E6A3243CE6A3243CE6B32430E6B86
:1024A00032434E6B32432A43082B01D142F04002A3
:1024B00040F824204A6BB2F5801F08D10A6832B177
:1024C0004FF480720A6104490268114301600020E0
:1024D000F0BD00008000E0FF00011000F0B500EB4F
:1024E000820253688E8903F04044D1E9003543EA03
:1024F00005138D682D0245EA06452B430E8A0D4DC6
:1025000005EB065633430E7D6F0107EB066633433A
:102510008E693343234353600268D20207D5426871
:10252000098A22F4700205EB015111434160002039
:10253000F0BD00000000F0FF30B5D1E901231A43DF
:10254000D1E9033423431A434B690D681A438B695D
:102550001A43D1E90734012D496A05686FF30E0566
:1025600005D01A4322430A432A43026008E023436A
:1025700029430B43416803606FF30E010A43426035
:10258000002030BD426942EA4101416100207047AC
:10259000F8B514460546D1E9000210438A686FF089
:1025A0001F03C96803EB421242EA4121084300902D
:1025B000286101F051F9064609E0601C07D024B1FA
:1025C00001F04AF9801BA04201D90320F8BDA86997
:1025D0008006F2D40020F8BDF0B56FF00F05D1E908
:1025E000003405EB04145B1E2E0123438C682F037B
:1025F00006EB04244FEA054C23430D8A8E8ACC68EF
:10260000097E4FF07F4E07EB05450CEB06560EEBAF
:102610000161012A0CD082683F1107EB0434234387
:102620002B43334302F070420B43134383600FE0AC
:10263000C2682B430B4302F070428168134301F0E0
:1026400070422103A1F5805131431143C360816081
:102650000020F0BD70B54A4888B00024016841F000
:1026600080010160016801F080010791016841F477
:1026700080710160006802A900F4807007908020DA
:10268000012581E83100032005903E4800F0ECFF71
:102690002802CDE9020502A93B4800F0E5FFFFF75B
:1026A000D9FA3A4EC6F8A042142006F5287609F069
:1026B00065FA3560322009F061FA8DF80040022297
:1026C0006946A12000F072F89DF80000302803D17F
:1026D0009DF80110032931D09DF8011001292DD05A
:1026E00002292BD00422694648F2401000F084FAF7
:1026F0008DF80440694626A0FDF7E6FD27480099BD
:1027000048F24005C0F8021002208DF800000122B6
:102710006946284600F0C2FB01226946E81D00F028
:102720006BFA0A2009F02AFA8DF800400122694666
:10273000284600F0B3FB08B0002070BDC9B201EB21
:10274000002117A0FDF7C0FD01226946002000F01E
:1027500079F901226946A42000F074F916208DF859
:10276000000001226946802000F06CF90C208DF8F1
:10277000000001226946882000F064F9DBE70000D0
:1027800030380240001C0240002002400000444259
:102790004354502049443A25730D0A00DC000020C0
:1027A0004354502049443A25780D0A002DE9F04160
:1027B00015460F460446FFF7F3FA7020FFF7CCFAF0
:1027C000FFF728FBE0B2FFF7C7FAFFF723FBFFF79D
:1027D000E7FA7120FFF7C0FAFFF71CFB00246E1E1A
:1027E00009E0B44201D0012000E00020FFF786FAA2
:1027F0003855641CE4B2AC42F3D3BDE8F041FFF7B6
:10280000EDBA00002DE9F14783B00027884D8DF81F
:1028100004704FF00A0A6878864C401CC0B2B0FBC6
:10282000FAF20AFB1201B846687009B10A286FD2A1
:102830007F4881A1801CFDF7C1FF4FF0010203A971
:1028400008B30220FFF7B2FF9DF80C0001075FD02C
:1028500000F00F01287881425AD8FF228A40D1B275
:10286000C943B4F8349041F0C001A18604EB4000A4
:10287000A1894181218CC183042009F07FF98DF861
:1028800004706E4E84E048F24E16304600F0B4F903
:102890009DF80C000106D7D5297800F00F0088427A
:1028A000D2D88DF80470012201A9304600F0F6FA62
:1028B000CAE7A18E01228240114264D05C485EA129
:1028C000801CFDF77BFF20B35D489DF804100422B7
:1028D00030F811006946FFF769FF94F844009DF84D
:1028E0000010C0079DF8010001F00F0139D000EB86
:1028F00001219DF8040004EB400001849DF80220B2
:102900009DF8031002F00F0201EB022181813AE0F1
:1029100058E04B489DF804100A30042230F81100AA
:10292000694600F069F994F844009DF80110C00769
:102930009DF8000000EB01219DF8040004EB40002D
:1029400005D081819DF802109DF8032018E00184D4
:102950009DF802109DF8032001EB02213288511AE4
:10296000D4E700EB01203188091A9DF8040004EB3C
:10297000400081819DF802209DF8031002F00F02B3
:1029800001EB022101849DF80400401C8DF8040035
:102990009DF80400297888428BD3A08931884FF0B4
:1029A0000108884203D8208C7188884209D99DF893
:1029B0000C0000F00F00012812D9E089A081608C82
:1029C00020846F701A481CA1801CFDF7F7FE0028B8
:1029D0009DF80C004FF6FF710FD0C00623D019E010
:1029E000287804EB40004189A181C08B208480209D
:1029F0008DF80C00A4F83490E4E700F08F008028F4
:102A000011D007E020F0800003E0A181218400F0D4
:102A1000E000A0866878F02801D985F801A004B00C
:102A20004046BDE8F087A08E0206EED5EAE700003A
:102A3000DC0000209400002039313100408F00205C
:102A4000D41601082DE9F04115460E46044600272C
:102A5000FFF7A6F97020FFF77FF9FFF7DBF9E0B287
:102A6000FFF77AF9FFF7D6F9002408E0305DFFF7A9
:102A700073F9FFF7CFF9070003D1641CE4B2AC424D
:102A8000F4D3FFF7ABF93846BDE8F0812DE9F04308
:102A9000464889B00024016841F080010160016866
:102AA00001F080010791016841F4807101600068C4
:102AB000802600F480700296079003AA0125032760
:102AC000DFF8EC9082E8B00002A9484600F0CCFDA7
:102AD0002802CDE9020502A9364800F0C5FDFFF73E
:102AE000B9F8DFF8D480C8F8A0420A2009F046F807
:102AF000C8F8A0520A2009F041F8CDE90264CDE9F6
:102B0000044702A9484600F0AFFD642009F036F8FA
:102B10000422694648F2401000F06EF88DF8044037
:102B2000694626A0FDF7D0FB27A16846FDF746FEC3
:102B300090B126A16846FDF741FE68B125A168461F
:102B4000FDF73CFE40B125A16846FDF737FE18B100
:102B5000012009B0BDE8F0831CA16846FDF72EFEF8
:102B600010BB02208DF8000048F2400501226946A2
:102B7000284600F093F901226946E81D00F03CF870
:102B80009DF80010602905D216A0FDF79DFB0120DD
:102B900000F05EF90A2008F0F1FF8DF800400122F4
:102BA0006946284600F07AF90020D2E73038024022
:102BB000001C0240002002400000444243545020C8
:102BC00049443A25730D0A0039313100393134371F
:102BD0000000000031313538000000003932373153
:102BE0000000000044656661756C74205665723A99
:102BF00025640D0A000000002DE9F04115460F463E
:102C00000446FFF7CDF82820FFF7A6F8FFF702F9F2
:102C1000200AFFF7A1F8FFF7FDF8E0B2FFF79CF8F4
:102C2000FFF7F8F8FFF7BCF82920FFF795F8FFF752
:102C3000F1F800246E1E09E0B44201D0012000E04A
:102C40000020FFF75BF83855641CE4B2AC42F3D3C4
:102C5000BDE8F041FFF7C2B82DE9F14F784E0024EE
:102C60004FF00A0B307882B0401CC0B2B0FBFBF2D0
:102C70000BFB1201734DA146307009B10A2876D2C0
:102C800048F24E17012202A93846FFF7B5FF9DF81A
:102C900008004FF0000801060AD500F00F000628D2
:102CA00006D28DF80480012201A9384600F0F6F81A
:102CB0009DF8080001075AD000F00F00062856D2F0
:102CC000FF218140C8B28DF80400C04395F834A0BC
:102CD00040F0C000A886A889A882288C5A4F288571
:102CE0004FF00109A98E09FA04F0014254D0574867
:102CF0000422694630F81400FFF77EFFB888A0F57B
:102D0000AA41103907D0A0F58641423919D0A0F563
:102D1000864184392CD095F84400C0072CD09DF80A
:102D200000009DF8011000EB012105EB4400018437
:102D30009DF802109DF8032001EB0221C1F54871B6
:102D40005DE095F84400C00716D19DF800009DF89D
:102D5000011000EB012105EB440001849DF80210F5
:102D60009DF8032001EB0221C1F5887147E02EE0B8
:102D700095F84400C00731D09DF800009DF801107F
:102D800000EB012105EB440081819DF802109DF8C4
:102D9000032001EB02210184641CE4B2052CA1D3C1
:102DA000A9893A884FF001092846914203D8018C3D
:102DB0007A88914209D99DF8081001F00F01012984
:102DC0001FD9C1898181418C298486F800809DF8B2
:102DD000080000F08F0080281DD029E09DF8000039
:102DE0009DF8011000EB012105EB440001849DF8E2
:102DF00002109DF8032001EB0221C1F5F0718181E1
:102E0000CAE7818A8181018D018480218DF80810B3
:102E1000A5F834A0DBE7A88E010602D520F08000DB
:102E200005E04FF6FF71A981298400F0E000A88633
:102E30003078F02801D986F800B04846BDE8FE8F0A
:102E4000E300002094000020408F0020A01701081C
:102E500008B500218DF800108DF801000E489DF88E
:102E60000020435C491C1A44C9B28DF80020B829DF
:102E7000F5D3D0B2C043401C8DF80000B8220649FB
:102E800048F2470000F00AF80222694648F2FF00C3
:102E900000F004F8002008BDE81601082DE9F04113
:102EA00015460E4604460027FEF77AFF2820FEF757
:102EB00053FFFEF7AFFF200AFEF74EFFFEF7AAFF13
:102EC000E0B2FEF749FFFEF7A5FF002408E0305D01
:102ED000FEF742FFFEF79EFF070003D1641CE4B239
:102EE000AC42F4D3FEF77AFF3846BDE8F08100002B
:102EF0002DE9F0433F4889B00024016841F080018A
:102F00000160016801F080010791016841F480715E
:102F100001600068802500F48070079001AA0126F6
:102F200003270095DFF8D09082E8D0006946484634
:102F300000F09AFB4FF48078CDE900862F4E694669
:102F4000304600F091FBFEF785FE002241463046F8
:102F500000F07DFC0A2008F011FE012241463046B7
:102F600000F075FC0A2008F009FECDE90054CDE917
:102F700002476946484600F077FB642008F0FEFDF2
:102F8000042205A948F2401000F050F88DF81840CE
:102F900005A91BA0FDF798F91DA105A8FDF70EFCDA
:102FA00018B1012009B0BDE8F08302208DF81400AB
:102FB00048F24005012205A92846FFF76FFF0122CC
:102FC00005A9E81DFFF718FE9DF81410412905D248
:102FD00011A0FDF779F9012000F030F90A2008F07E
:102FE000CDFD8DF81440012205A92846FFF756FFB4
:102FF0000020D7E730380240001C02400020024089
:103000004354502049443A25730D0A0D0A0000002C
:10301000393237310000000044656661756C7420F8
:103020005665723A25640D0A000000002DE9F04152
:1030300015460F460446FEF7B3FE2820FEF78CFE29
:10304000FEF7E8FE200AFEF787FEFEF7E3FEE0B299
:10305000FEF782FEFEF7DEFEFEF7A2FE2920FEF757
:103060007BFEFEF7D7FE00246E1E09E0B44201D0BD
:10307000012000E00020FEF741FE3855641CE4B258
:10308000AC42F3D3BDE8F041FEF7A8BE2DE9F1470D
:1030900083B000268DF80060644C4FF00A0A644D3E
:1030A00020783746401CC0B2B0FBFAF20AFB12018E
:1030B00020704FF6FF7909B10A287DD248F24E18E8
:1030C000012203A94046FFF7B1FF9DF80C0001065D
:1030D0000AD500F00F000B2806D28DF800600122FF
:1030E0006946404600F0D0F89DF80C00010775D005
:1030F00000F00F000B2871D209FA00F1C843B5F8AF
:10310000348040F0C000A886A889E883288C6886AF
:103110008DF8006047E0A88E9DF8002001219140C5
:1031200008423BD043499DF80000062231F81000C8
:1031300001A9FFF77BFF95F84400C00716D09DF862
:1031400006109DF8070001EB00209DF8001005EB2C
:10315000410108849DF804009DF8051000EB012052
:103160009DF8001005EB4101888117E09DF80600ED
:103170009DF8071000EB01209DF80010C0F5487085
:1031800005EB410188819DF804009DF8051000EBD6
:1031900001209DF8001005EB410108849DF8000016
:1031A000401C8DF800009DF800000A28B3D3224887
:1031B0000127A989028800E010E0914203D8298CF8
:1031C0004088814209D99DF80C0000F00F000128C9
:1031D0000BD9E889A881688C288426709DF80C009A
:1031E00000F08F0080280AD016E0E88BA881688E56
:1031F000288480208DF80C00A5F83480EEE7A88E96
:10320000010602D520F0800005E0A5F80C90A5F895
:10321000209000F46040A8862078F02801D984F836
:1032200000A004B03846BDE8F0870000E4000020AC
:103230009400002064180108408F002008B5002188
:103240008DF800108DF801000E489DF80020435CB9
:10325000491C1A44C9B28DF80020B829F5D3D0B260
:10326000C043401C8DF80000BA22064948F24700CE
:1032700000F00AF80222694648F2FF0000F004F864
:10328000002008BDAA1701082DE9F04115460E4699
:1032900004460027FEF784FD2820FEF75DFDFEF7BB
:1032A000B9FD200AFEF758FDFEF7B4FDE0B2FEF7C7
:1032B00053FDFEF7AFFD002408E0305DFEF74CFD46
:1032C000FEF7A8FD070003D1641CE4B2AC42F4D3BE
:1032D000FEF784FD3846BDE8F08100001FB5694661
:1032E00000900120019007200290002003900848E0
:1032F00000F074F8064800F073F90A21044800F061
:1033000038F9034800F014F904B080B210BD000091
:103310004C9000202DE9F04100250E4607462C4632
:1033200008E03846FFF7DAFF0544052008F026FCE0
:10333000641CE4B2B442F4D3B5FBF6F080B2BDE84D
:10334000F081000030B40C4601461546500700D00D
:10335000012000EBD50010FB05F0C2B208784B78D5
:10336000812809D3402B07D3FF2B05D0FF2803D09A
:103370007F2B0CD2403B0BE00023184603E05B1C84
:1033800004F8010BDBB29342F9D330BC7047413BE8
:103390008138D9B2C0B2C0EB401303EB801001EB0F
:1033A000400050430C490C2D0CD0102D0DD0182D81
:1033B0000ED0202DE9D1D1F821100144204630BC97
:1033C00008F00EB9D1F80910F7E7D1F81110F4E7B9
:1033D000D1F81910F1E70000E890002078B500243A
:1033E000009490F83C20012A19D0012280F83C205A
:1033F0000A6807250368092A13D9DE680A3A02EB2E
:1034000042029540AE43DE600A788B680A3A02EBCE
:10341000420293400268D5682B43D36010E002203B
:1034200078BD1E6902EB42029540AE431E610A78E8
:103430008B6802EB42029340026815692B431361CB
:103440004A681F25072A13D203685E6B521E02EBDF
:1034500082029540AE435E630A8893B20A79521E97
:1034600002EB820293400268556B2B43536327E0C3
:1034700003680D2A12D21E6BD21F02EB8202954006
:10348000AE431E630A8893B20A79D21F02EB82020E
:1034900093400268156B2B43136311E0DE6A0D3A0B
:1034A00002EB82029540AE43DE620A8893B20A794B
:1034B0000D3A02EB820293400268D56A2B43D36235
:1034C000174B02689A4208D10A68122A05D1D3F82C
:1034D000042342F48002C3F8042302689A421BD1F9
:1034E000104D0A68AA4201D0112A15D1D3F804233D
:1034F00042F40002C3F804230968A9420CD10A4926
:103500000A4A0968B1FBF2F101EB8101490000E0D0
:10351000491E00910029FBD180F83C40002078BD75
:1035200000200140120000105C00002040420F000B
:103530000068C06C704770B5040004D094F83D007A
:10354000002510B106E0012070BD84F83C502046F3
:1035500000F00EF8022084F83D002046FEF7C8F97E
:103560002564012084F83D0084F83C50002070BDA3
:1035700070472DE9F041044600680D4681684FF020
:10358000000749050AD58068C00507D5042084F8DE
:103590003D0084F83C700120BDE8F08100F05CF94A
:1035A00006460DE0681C0BD025B100F055F9801BD4
:1035B000A84205D9032084F83D0084F83C70EBE76D
:1035C000206800688007EDD594F83D00252804D0D8
:1035D000152084F83D000020DEE73520F9E70000E3
:1035E00008B50022009290F83C1001290ED001216C
:1035F00080F83C1090F83D10222909D0122180F863
:103600003D1001688B68DB0704D013E0022008BD81
:103610003221F4E78B6843F001038B600F49104BB4
:103620000968B1FBF3F101EB410100E0491E009193
:103630000029FBD10B4980F83C20D1F80423006815
:10364000D20601D0884207D1816811F0405F03D1D2
:10365000816841F080418160002008BD5C0000204D
:1036600040420F00002001402DE9F84FDFF8A09103
:10367000002209F1040A0AF1040B4FF00F080BF1C4
:10368000040E01260B6896403340B34271D14C685A
:10369000022C01D0122C11D1D40800EB84073D6A12
:1036A0005407E40E08FA04FC25EA0C05D1F810C012
:1036B0000CFA04FC4CEA050CC7F820C0076854005B
:1036C000032591F804C0A5400CF0030CAF430CFA9D
:1036D00004FC4CEA070CC0F800C04F68012F05D06D
:1036E000022F03D0112F01D0122F11D18768D1F8EA
:1036F0000CC0AF430CFA04FC4CEA070CC0F808C03D
:103700004768B7430E79C6F3001696403E434660BD
:10371000C668AE438D68A5403543C5604C68E4007B
:103720006FD53C4C256845F480452560246822F01F
:10373000030504F480440094374C2E19D6F8087819
:103740009407250F08FA05F4A743344CA04201D191
:1037500000242EE0324CA04201D1012429E0314C5A
:10376000A04201D1022424E02F4CA04202D1032424
:103770001FE046E02D4CA04201D1042419E02C4C5E
:10378000A04201D1052414E02A4CA04201D1062414
:103790000FE0294CA04201D107240AE0274CA042A7
:1037A00001D1082405E0264CA04201D1092400E003
:1037B0000A24AC403C43C6F80848D9F800404D46BE
:1037C0004E689C43F60300D51C432C60DAF8004099
:1037D00055464E689C43B60300D51C432C60DBF86D
:1037E00000405D464E689C43F60200D51C432C60A9
:1037F000DEF8004075464E689C43B60200D51C4377
:103800002C60521C102AFFF43CAFBDE8F88F00007A
:10381000003C0140443802400030014000000240BA
:103820000004024000080240000C02400010024068
:103830000014024000180240001C02400020024018
:10384000002402400069084000D0012070470AB1FE
:10385000816170470904FBE7014800687047000078
:103860007000002002480168491C01607047000098
:10387000700000200B4810B5016841F40071016030
:10388000016841F480610160016841F48071016068
:10389000052000F0BFF90F2000F006F800F08AF9CB
:1038A000002010BD003C024010B5044600F06CFC46
:1038B0004FF47A71B0FBF1F001F0F8FA00222146E2
:1038C000501E00F087F9002010BD2DE9F04104469C
:1038D00090F8A00015460F4601281DD0012684F857
:1038E000A060022084F8A10005EB850000EBC50074
:1038F00004EB800034223830FCF707FF2A463946B3
:10390000204605F059FA2068466284F8A16000203C
:1039100084F8A000BDE8F0810220FBE770B5040048
:1039200004D094F8A100002510B106E0012070BD7C
:1039300084F8A050204600F06FF8022084F8A1001F
:103940002068816921F070418161D4E9011001434F
:10395000D4E9030210430143206882691143816165
:10396000206882682B490A408260A08A020420688D
:103970008368A6693343134383602068C2680A40A2
:10398000C260A08B02042068C368266A33431343D5
:10399000C360206802690A400261A08C02042068AA
:1039A0000369A66A334313430361206842690A40EE
:1039B0004261A08D010420684269236B1A430A43C7
:1039C000426194F83500020294F836000104206840
:1039D000C36A03F07F43C3622068C36A94F834600B
:1039E000114333430B43C3622068416B41F0040130
:1039F00041632068416B41F00201416320688169A5
:103A000041F001018161C4F8A450012084F8A100B3
:103A1000002070BD00F800F030B5364887B00025B2
:103A2000016841F080610160006800F080600590ED
:103A300030481438016841F400010160016801F464
:103A400000010591016841F002010160016801F087
:103A500002010591016841F020010160016801F057
:103A600020010591016841F040010160016801F009
:103A700040010591016841F080010160016801F099
:103A800080010591016841F48071016000680324A0
:103A900000F480700590202000900120CDE9020400
:103AA000019069461448FFF7DFFD4FF480600090F5
:103AB0000220CDE901050E20CDE9034069460F48FB
:103AC000FFF7D2FD4FF40C60009069460C48FFF7F9
:103AD000CBFD4FF47E40009069460A48FFF7C4FDD5
:103AE00040F2F760009069460748FFF7BDFD07B058
:103AF00030BD00004438024000040240001402407F
:103B000000180240001C02400020024070B504462C
:103B100090F8A0000E46012820D0012584F8A0507E
:103B2000022084F8A10003EB830000EBC30004EB48
:103B3000800141F8386F886A3044C1E90102C86ADF
:103B40001044C8601A46204605F036F920684562E0
:103B500084F8A150002084F8A00070BD022070BD40
:103B60002DE9F041044690F8A0000F4601281FD02F
:103B7000012584F8A050022084F8A10003EB830003
:103B800000EBC30004EB80010026E1E90E6720464C
:103B9000C1E90262C1E90A721A4605F00DF920680E
:103BA000456284F8A15084F8A0600020BDE8F0814F
:103BB0000220FBE708B50020009008BD00F01F02BE
:103BC000012191404009800000F1E020C0F800117F
:103BD00070470000F0B40E4B1B68C3F30223C3F11F
:103BE0000704042C00D904241D1D072D01D2002335
:103BF00000E0DB1E012606FA04F56D1E0D409D4017
:103C00009E40761E164045EA0601F0BC05F086BAD5
:103C10000CED00E0064A00F0070110684FF6FF03C4
:103C2000184040EA01200349084310607047000033
:103C30000CED00E00000FA052DE9F8431D4801688D
:103C400041F0805101600068012700F08050009031
:103C5000380490FAA0F0DFF86080B0FA80F048F8FD
:103C60002070FFF7F9FD04464FF47A75134E04E017
:103C7000FFF7F2FD001BA84213D87068C003F7D508
:103C80004FF4003090FAA0F0B0FA80F048F82070BD
:103C9000FFF7E2FD044607E0FFF7DEFD001BA84248
:103CA00002D90320BDE8F88370688003F4D50020B2
:103CB000F8E700004038024000000E42007000406B
:103CC0000120010291FAA1F1024AB1FA81F142F810
:103CD0002100704700000E422DE9F84F04460068AD
:103CE000DFF878829E4DC10747F6C07A4FF0E04674
:103CF0004FF0010B4FF0000901D180074BD59949D6
:103D0000C1F86890FFF7A8FD074604E0FFF7A4FD9F
:103D1000C01B64287ED828680001F7D42078924917
:103D2000C0070DD09AFAAAF26068B2FA82F2904007
:103D300096FAA6F3A268B3FA83F39A401043086098
:103D40002078800718D5086896FAA6F200F0E040BF
:103D5000B2FA82F2D0406268237B920142EA0362A7
:103D600042EA00700860D8F80010E26921F01F01F3
:103D7000521E1143C8F800107A49C1F868B0FFF725
:103D80006BFD074604E0FFF767FDC01B642841D8C0
:103D900028680001F7D52068410701D4000776D5CF
:103DA0007049C1F87090FFF757FD074604E0FFF730
:103DB00053FDC01B64282DD82868C0438000F6D569
:103DC00020786A4F40074FF0706C29D5386896FA12
:103DD000A6F100F0E040B1FA81F1C8409AFAAAF2E7
:103DE0002169B2FA82F291409CFAACF36269B3FAAB
:103DF00083F39A40114396FAA6F2B2FA82F2904007
:103E000001433960D8F800106FF0FF0321F4F85136
:103E1000226A00E079E003EB02221143C8F80010A7
:103E20002078000723D538689CFAACF100F0706068
:103E3000B1FA81F1C8409AFAAAF22169B2FA82F283
:103E400091409CFAACF2B2FA82F29040014396FAA9
:103E5000A6F2A069B2FA82F2904001433960D8F824
:103E60000010626A21F440311143C8F800103D4946
:103E7000C1F870B0FFF7F0FC064604E0FFF7ECFC79
:103E8000801B642841D82868C0438000F6D420787D
:103E9000800651D532484F464030016841F080518C
:103EA00001600068324E00F080500090306840F4AD
:103EB00080703060FFF7D0FC054604E0FFF7CCFCD3
:103EC000401B642821D83068C005F7D5264E143E23
:103ED0003068218D00F4407001F4407188422BD08D
:103EE0003068244920F44070C1F800B00F603060A1
:103EF000800710D5FFF7B0FC054641F2883707E090
:103F0000FFF7AAFC401BB84202D90320BDE8F88F96
:103F100030688007F4D5A06A1149C0F30122083146
:103F2000032A13D0086820F4F81008603068218D47
:103F3000C1F30B01084330602078C00604D50E4958
:103F400094F82C00C1F8E0010020DFE70A680B4B71
:103F500022F4F812184002430A60E7E78C38024066
:103F6000003802400000474284380240883802404E
:103F700000700040400E474200104742FFFCFF0F18
:103F80002DE9F05FDFF8F8A104460F46DAF80000EB
:103F9000DFF8F08100F00F02C8B27A49814641F2A1
:103FA000883608F10808BA4261D202468AF8002031
:103FB000DAF8000000F00F00B8427DD120788007C9
:103FC00007D5D8F80020A36822F0F0021A43C8F8F9
:103FD00000202078C0072DD0606801281AD0022860
:103FE0001BD0032819D009688907002964DAD8F89A
:103FF0000010474621F003010143C8F80010FFF705
:104000002BFC0546606801280FD0022818D0032831
:104010001CD027E009688903E7E709688901E4E71C
:10402000FFF71AFC401BB04258D83868C0F3810033
:104030000128F5D188E0FFF70FFC401BB0424DD8B6
:104040003868C0F381000228F5D17DE03868FFF7B9
:1040500003FC401BB042F9D940E0FFF7FDFB401BD9
:10406000B0423BD8386810F00C0FF6D16CE02078E5
:10407000800707D5D8F80020A36822F0F0021A4381
:10408000C8F800202078C0074CD06068012828D0EC
:10409000022829D0032827D009688907002949DA8E
:1040A000D8F8002022F003020243C8F80020FFF7EE
:1040B000D3FB0546606800E03CE001281DD00228E3
:1040C00029D0032838D0B3464646306810F00C0F8C
:1040D00028D0FFF7C1FB411B5945F6D90320BDE8A5
:1040E000F09F09688903D9E709688901D6E7FFF7D6
:1040F000B3FB411B594502D9F0E7B3464646306849
:10410000C0F381000128F2D10CE0FFF7A5FB411BB1
:10411000594502D9E2E7B34646463068C0F381000C
:104120000228F2D18AF80090DAF8000000F00F00BF
:10413000B84209D00120D2E744462068FFF78CFB43
:10414000401BB042F9D9C9E72078400707D5D8F815
:104150000010E26821F4E0511143C8F80010207803
:10416000000708D5D8F80010226921F4604141EA1F
:10417000C201C8F800100F20FFF796FB0020AEE741
:10418000003C02400038024010B500F043F80849F6
:104190000968F02292FAA2F201F0F001B2FA82F27A
:1041A000D140044A515CC8400349086010BD00007A
:1041B0000838024080CF00085C00002010B5FFF7EF
:1041C000E3FF074909684FF4E05292FAA2F201F4C2
:1041D000E051B2FA82F2D140024A515CC84010BDAF
:1041E0000838024080CF000810B5FFF7CDFF07491F
:1041F00009684FF4604292FAA2F201F46041B2FA07
:1042000082F2D140024A515CC84010BD08380240D9
:1042100080CF000830B51948006810F00C0118482C
:1042200012D0184C04290ED008290DD1134A121FA0
:104230001168136801F03F015D0247F6C07304D5B1
:10424000B4FBF1F003E0204630BDB0FBF1F01168A3
:10425000194093FAA3F3B3FA83F3D94048431168A2
:104260004FF4403292FAA2F201F44031B2FA82F2F3
:10427000D140491C4900B0FBF1F030BD0838024084
:104280000024F40040787D012DE9F84F04460078C1
:10429000DFF8FCA2BF4DC0074FF0000648D0DAF8A7
:1042A00000105046C1F38101012908D00068C0F315
:1042B000810002280AD1281D0068400206D528681E
:1042C000800335D56068002873D031E0DFF8C492F0
:1042D00009F1020989F80060FFF7BEFA074641F2CA
:1042E000883804E0FFF7B8FAC11B41457AD828683E
:1042F0008003F7D4207989F80000606860B1FFF787
:10430000ABFA074604E0FFF7A7FAC11B4145EDD819
:1043100028688003F7D50BE0FFF79EFA074604E014
:10432000FFF79AFAC11B4145E0D828688003F7D40B
:104330002078DFF86492800744D5DAF80010504600
:1043400011F00C0F4FF0F80809D00068C0F381009D
:1043500002280BD18E48001F0068400206D428684E
:10436000800714D5E068012823D110E0E068D0B1BF
:104370000120C9F80000FFF76FFA074604E0FFF7D5
:104380006BFAC01B6428B1D828688007F7D5286865
:1043900098FAA8F22169B2FA82F220F0F80091406E
:1043A000084328600EE0C9F80060FFF755FA074699
:1043B00005E0EAE0FFF750FAC01B642812D828682D
:1043C0008007F7D42078000725D5DFF8C48173482B
:1043D000616908F16C0881B101210160FFF73CFAC5
:1043E000074605E07EE0FFF737FAC01B642879D85E
:1043F000D8F800008007F6D50DE00660FFF72CFA2C
:10440000074604E0FFF728FAC01B64286AD8D8F8EA
:1044100000008007F6D42078400753D55C48383038
:10442000016841F0805101600068DFF8748100F09C
:1044300080500090D8F8001041F48071C8F8001046
:10444000FFF70AFA074604E0FFF706FAC01B6428E4
:1044500048D8D8F80000C005F6D5DFF834B10BF124
:10446000680B8BF80060FFF7F7F9074641F28838D0
:1044700004E0FFF7F1F9C11B41457ED8DBF80000ED
:104480008007F6D4207A8BF80000A06868B1FFF7A7
:10449000E3F9074604E0FFF7DFF9C11B41456CD89B
:1044A000DBF800008007F6D50CE0FFF7D5F90746EA
:1044B00004E0FFF7D1F9C11B41455ED8DBF80000ED
:1044C0008007F6D4A069E8B3DAF80010C1F38101DF
:1044D00002295AD0022806D0C9F86060FFF7BCF95B
:1044E00004464DE049E04F46C9F86060FFF7B4F973
:1044F000064604E0FFF7B0F9801B64283DD8286821
:104500008001F7D4D4E90701084347F6C07191FA56
:10451000A1F1626AB1FA81F18A40A16A4FF0FF33DA
:1045200003EB51014FF4403393FAA3F3B3FA83F34F
:1045300099400A4310434FF0706292FAA2F2B2FA25
:1045400082F200E01FE0E16A914008431049091F30
:10455000086001203866FFF77FF9044604E0FFF7A2
:104560007BF9001B642808D828688001F7D50AE089
:10457000FFF772F9001B642802D90320BDE8F88F09
:1045800028688001F4D40020F8E70120F6E7000055
:10459000083802400038024000004742800E47427F
:1045A0000070004010B500680B4641680D4801409E
:1045B000080CD870C1F304245C7001F03F049C70B7
:1045C000C1F34231197052B904F031FFD8705878F4
:1045D00004F02DFF5870987804F029FF987000209F
:1045E00010BD00003FFFFF0010B50B460168896A4F
:1045F000596001680969C1F30E019960006801689A
:104600000E480140C1F305401870C1F306245C70E8
:1046100001F07F049C70402404EA1141D97052B922
:1046200004F005FF1870587804F001FF587098786E
:1046300004F0FDFE9870002010BD00007F7F7F0019
:1046400070B5040002D0607F10B106E0012070BD9B
:1046500000202077204600F041F802206077216892
:10466000CA204862216853204862204604F0F3FEC5
:10467000FF210028206803D0416204206077E5E72D
:104680008268154B1A4082602068826863681A430A
:10469000D4E904352B431A4382602268E068106134
:1046A00020680269238942EA034202612068C268E5
:1046B00022F08002C2602068026C22F48022026430
:1046C0002068026CA3691A430264206841620120D9
:1046D0006077002070BD0000BFFF8FFF70470000B3
:1046E0002DE9F0470446007F0B46012825D04FF006
:1046F000010984F81C9002206077587802B304F016
:1047000096FE987804F093FE9878D97840EA0145AF
:1047100058781978000240EA413005432168CA20E0
:104720004862216853204862204604F094FE002627
:10473000FF274FF0040858BB19E00220BDE8F087BE
:10474000C10603D500F0EF000A305870D87804F0A5
:1047500077FE0204587804F073FE42EA002298784B
:1047600004F06EFE0243187842EA4035D6E70F485F
:104770000540206845602068C16821F08001C16063
:104780002068806880060AD4204600F089F830B19D
:104790002068476284F81D8026770120CEE72068D4
:1047A000476284F81D9026770020C7E73FFFFF008F
:1047B0002DE9F0470446007F0D46012811D04FF047
:1047C000010A84F81CA00220607720680026806817
:1047D0004FEA406042B100281ADA287804F027FE38
:1047E00017E00220BDE8F087002800DBEE70287893
:1047F00004F026FE0204687804F022FE42EA002259
:10480000A87804F01DFE0243E87842EA00470AE077
:10481000EE70A878297840EA01476878E9780002C4
:1048200040EA014007432168CA20486221685320BA
:104830004862204604F00FFE4FF0FF084FF00409D5
:10484000E0B916480740206807602068816821F4B5
:1048500080218160D5E903100143206882681143FB
:1048600081602068C16821F08001C1602068806893
:1048700080060BD4204600F013F838B12168C1F847
:10488000248084F81D9026770120ABE72168C1F8C9
:10489000248084F81DA026770020A3E77F7F7F0077
:1048A00070B505460068C16821F0A001C160FEF73F
:1048B000D3FF04464FF47A7606E0FEF7CDFF001BE7
:1048C000B04201D9032070BD2868C0688006F4D5C5
:1048D000002070BD70B50D46040003D094F82C0084
:1048E00010B107E0012070BD002084F82D002046A3
:1048F00000F012F8022084F82C00211D2068FDF73A
:104900001BFED4E900022946FDF766FE012084F86B
:104910002C00002070BD0000304800B5016887B051
:1049200041F001010160006800F0010005902B4892
:104930000838016841F004010160016801F00401D8
:104940000591016841F008010160016801F008016A
:104950000591016841F010010160016801F010014A
:104960000591016841F020010160016801F020011A
:104970000591016841F0400101600068694600F05E
:10498000400005900D20009002200190012002902F
:10499000032003900C2004901148FEF765FE4CF2B2
:1049A0000370009069460F48FEF75EFE4FF6837075
:1049B000009069460C48FEF757FE4FF63F00009006
:1049C00069460A48FEF750FE48F2371000906946E3
:1049D0000748FEF749FE07B000BD00003838024026
:1049E00000080240000C0240001002400014024087
:1049F0000018024010B5044690F82C00022809D097
:104A0000022084F82C002068FDF7BCFD012084F80A
:104A10002C00002010BD70B5044690F82C000D4607
:104A200002280CD0022084F82C002068FDF7B0FD8D
:104A30002868022804D0012084F82C00002070BDD2
:104A40000520F9E770B5040004D094F85100002562
:104A500010B106E0012070BD84F85050204600F0EF
:104A600033F8022084F851002068016821F04001E9
:104A70000160D4E901010843D4E90312114308435A
:104A800061690843218B01F400710843E16908431F
:104A9000216A0843A16A084321680860A0690421CB
:104AA00001EA1040616A0843216848602168E06AB1
:104AB00008612068C16921F40061C1616565012058
:104AC00084F85100002070BD124800B5016887B01D
:104AD00041F020010160006800F0200005900D48C1
:104AE0001430016841F4801101600068012100F474
:104AF000801005904FF4607000900220CDE9010114
:104B000003900520049069460348FEF7ADFD07B009
:104B100000BD000030380240001402402DE9F84387
:104B2000044690F85100DDF82080012801D02228A9
:104B30007ED169B162B15BB194F85000012877D0A1
:104B4000012784F8507094F85100012803D005E043
:104B50000120BDE8F883322084F851000026666504
:104B6000A263A387E3872163A386E386A664E66442
:104B7000A06A4FF40055A84209D12068016821F4C9
:104B8000005101602068016841F400510160206813
:104B90000168490603D4016841F040010160E06802
:104BA0004FF48271B0F5006F606807D0002867D0BD
:104BB00088426ED1E08E012862D06AE020B188423E
:104BC0000CD1E08E012809D1206B21680088C860D3
:104BD000206B801C2063E08E401EE086E08E80B952
:104BE000A06AA84244D12068016841F48051016064
:104BF0003EE02068C068A16B0880A06B801CA063A9
:104C00009EE0434600220221204604F019FE0028BF
:104C100074D1206B21680088C860206B801C2063E1
:104C2000E08E401E0004000CE08609D1A06A00E07E
:104C3000C7E0A84204D12068016841F480510160B6
:104C4000434600220121204604F0FAFD00286FD1DE
:104C50002068C068A16B0880A06B801CA063E08FF7
:104C6000401EE087E08E0028CBD1606800286AD122
:104C7000434600220121204604F0E2FDF0BBB8E7E4
:104C8000206B411C216321680078C860E08E401EC3
:104C9000E086E08E98B9A06AA84204D12068016835
:104CA00041F480510160434600220121204604F076
:104CB000C7FD18BB2068C068A16B087040E0434680
:104CC00000220221204604F0BBFDB8B9206B411C34
:104CD000216321680078C860E08E401E0004000C4B
:104CE000E08607D1A06AA84204D12068016841F497
:104CF0008051016000224346012100E018E0204677
:104D000004F09EFDA0B92068C168A06B421CA2639C
:104D10000170E08F401EE087E08E0028CFD16068F0
:104D200088B9434600220121204604F089FD08B1DC
:104D300003200EE72068C168A06B421CA2630170CB
:104D4000E08F401EE087A06AA84210D143460022AF
:104D50000121204604F074FD18B1606D40F002009E
:104D60000FE02068C068ADF80000BDF800004346C1
:104D700001228021204604F063FD20B1606D40F0E7
:104D800020006065D4E784F8517020688168A26AC9
:104D9000C1F30011AA4210D179B1616D41F0020155
:104DA0006165016821F4005101602068016841F4E7
:104DB0000051016084F85060CAE684F85060002019
:104DC000C7E60220C5E670B515460E46040003D0BE
:104DD00094F8490010B107E0012070BD002084F86C
:104DE0004800204600F01AF804F108012068FDF799
:104DF00039FB3146A2682068FDF770FBD4E9010257
:104E00002946236BFDF70EFBA168206850F821208E
:104E100042F0010240F82120002070BD1A4800B580
:104E2000016887B041F001010160006800F00100F5
:104E3000059015480838016841F0080101600168D3
:104E400001F008010591016841F01001016000685E
:104E5000694600F0100005904EF2B37000900220F9
:104E6000019001200290032003900C200490074839
:104E7000FEF7FAFB4FF68070009069460448FEF793
:104E8000F3FB07B000BD000038380240000C0240C0
:104E9000001002404FF0E0210428086903D020F000
:104EA00004000861704740F00400FAE710B5401EA6
:104EB000B0F1807F01D3012010BD4FF0E02460618C
:104EC0000F21601704F02AF90020A061072020615B
:104ED000002010BD704738B5016804460868CA68EC
:104EE000C0F3000002F4807238B132B1086848683B
:104EF0000090E06B40F00100E06308684A69C0F38D
:104F0000400002F0010238B132B1086848680090F0
:104F1000E06B40F00400E06308684A69C0F3800079
:104F200002F0010238B132B1086848680090E06BC5
:104F300040F00200E06308684A69C0F3C00002F074
:104F4000010238B132B1086848680090E06B40F067
:104F50000800E0630868C968C0F3401001F0200150
:104F600018B111B1204605F0D1FC20680168C06875
:104F7000C1F3C01100F0800019B110B1204605F056
:104F8000D3FD21680868CA68C0F3801002F04002AF
:104F9000012568B162B1CA68204622F04002CA60A9
:104FA00094F8391032290CD080F8395000F050F9BB
:104FB000E06B002804D084F839502046FFF78AFFC0
:104FC00038BD222180F83910F0E770B5040004D014
:104FD00094F83900002510B106E0012070BD84F876
:104FE0003850204600F020F8022084F8390020686C
:104FF000C16821F40051C160204605F0DBFC206847
:10500000016921F4904101612068416921F02A0180
:1050100041612068C16841F40051C160E56301202D
:1050200084F83900002070BD30B50446006820497E
:1050300087B0884239D11F48016841F00101016001
:10504000006800F0010005901A481430016841F032
:10505000100101600068012100F0100005904FF47C
:10506000007000900220CDE9010103900720124D4D
:10507000049069462846FEF7F7FA2815009069461D
:105080002846FEF7F1FA2068C16821F04001C160AE
:105090002068C16841F02001C1602520FEF78EFD27
:1050A000032211462520FEF795FD07B030BD000014
:1050B0000010014030380240000002402DE9F04766
:1050C000044690F8390099460D46012801D012286F
:1050D00057D125B31AB394F83800012851D00126CE
:1050E00084F838600027E76394F83900122819D053
:1050F000222084F83900A285E2854FF48058E08DA3
:105100004B46401EE085A0684FF0000240454FF03E
:105110002001204616D105F03AFDB0B904E0012087
:10512000BDE8F0873220E4E7206900282068406865
:1051300003D0C1B225F8011B12E0C0F3080125F825
:10514000021B0DE005F023FD08B10320E8E720690C
:1051500000282068406801D000F07F0005F8010BAE
:10516000E08D0028CBD194F83900322805D084F89E
:10517000396084F838700020D2E7122084F83900B2
:10518000F7E70220CCE770472DE9F047044690F896
:10519000390099460D46012801D0222856D125B361
:1051A0001AB394F83800012850D0012684F83860EA
:1051B0000027E76394F83900222819D0122084F8D8
:1051C0003900A284E2844FF48058E08C4B46401EA4
:1051D000E084A0684FF0000240454FF08001204677
:1051E00013D105F0D4FC08BB04E00120BDE8F08732
:1051F0003220E4E728882168C0F30800486020696D
:1052000008B16D1C08E0AD1C06E005F0C0FC68B9F3
:10521000216815F8010B4860E08C0028D5D14B4679
:1052200000224021204605F0B2FC08B10320DDE752
:1052300094F83900322805D084F8396084F8387041
:105240000020D3E7222084F83900F7E70220CDE7D9
:105250007047FEE770B50D4C0025C4F890520C481D
:10526000016821F440610160016841F480610160DE
:10527000C4F89452022004F5247406F08DFC012039
:105280002060022006F088FC256070BD008043424B
:10529000001C02400E4810B5016886B041F0800144
:1052A00001600068012400F0800005903020CDE905
:1052B00000040220CDE9024069460648FEF7D4F911
:1052C0000548C0F89442C0F8904206B010BD0000F6
:1052D00030380240001C02400080434270B50D4C43
:1052E0000026C4F890620C48016821F44061016016
:1052F000016841F4806101600125C4F894520220E4
:1053000004F5247406F048FC2560022006F044FCF5
:10531000266070BD00804342001C02402DE9F0472A
:10532000814616480024016821F44061016001684B
:105330000160134E254627464FF00108C6F89072CB
:10534000022006F029FCC6F890826006040ED6F80A
:10535000140208B1641CE4B2012006F01DFC6D1CAF
:10536000EDB2082DEAD3B9F1000F04D0FFF772FFB8
:105370002046BDE8F087FFF7B1FFF9E7001C0240C7
:10538000008043422DE9F04105461448016821F4AC
:1053900040610160016841F480610160104E0027A6
:1053A000C6F890723C464FF00108E809C6F894022E
:1053B0006806050E022006F0EFFBC6F89082022078
:1053C00006F0EAFBC6F89072022006F0E5FB641CCA
:1053D000E4B2082CE9D3BDE8F0810000001C0240D3
:1053E0000080434270B50D48016821F440610160BE
:1053F000016841F480610160094C0120C4F8940205
:10540000C4F89002042004F5247406F0C5FB0025BE
:105410006560042006F0C0FB256070BD001C0240E2
:105420000080434270B50D48016821F4406101607D
:10543000016841F480610160094C0020C4F89002C9
:10544000C4F89402042004F5247406F0A5FB012599
:105450002560042006F0A0FB656070BD001C0240C2
:105460000080434270B512480024016821F4406175
:105470000160016801600F4D0126C5F89462304655
:1054800006F08AFBC5F89062012006F085FB07E074
:10549000641CE4B2FA2C03D9FFF7C4FF012070BDED
:1054A000D5F814020028F3D1C5F8900270BD0000B1
:1054B000001C02400080434270B50E490E4A064669
:1054C00008881268002422B13046BDE8704003F01D
:1054D00027BA4D8800214543084603F0ABF803F096
:1054E0000DFAB1B2054801E00180641CAC42FBD367
:1054F00070BD0000408F00202C900020000008604C
:105500002DE9F05F3E4C3F4DA071296839B103F0A1
:1055100027FAE88A2080288B6080BDE8F09F384910
:105520002C252B2689884FF0F00845F210594FF4AE
:10553000305A4FF4285B4FF42C5E2A274FF44873FF
:105540004FF4A07C4FF4F07260B1A4F800C0A4F84E
:105550000280494532D1A4F808A0A4F80AB0A4F802
:105560000CE042E0A4F80080A4F802C0494506D14E
:10557000A4F808A0A4F80AB0A4F80CE011E0A1F582
:10558000C850633825810AD06781A681A1F5A6405D
:10559000103809D0A1F5EE40963805D007E06681B5
:1055A000A78122806380F1E7A4F800C06280A1F5A2
:1055B000184006381FD1228063801CE0A1F5C85036
:1055C00063380FD0A1F5184006380BD025816781CC
:1055D000A681A1F5A64010380AD0A1F5EE40963874
:1055E00006D008E025816781A68123806280F0E7EC
:1055F0002280A4F802C0BDE8F05F002002F048BF9E
:10560000408F00202C9000202DE9FE4F0026A2EBB9
:10561000000882465F1A701E35468946B8F1000FB1
:1056200002DD4FF0010102E003D14FF000010191D2
:1056300002E0C8F100080190002F02DD4FF00100E8
:1056400002E003D14FF00000009002E0C7F1000734
:1056500000904046B84501DD044600E03C46601C31
:105660004FF0000B029015E01FFA89F11FFA8AF043
:1056700000F016F846443D44A64202DD0199361B6F
:105680008A44A54202DD00992D1B89440BF10100DB
:105690001FFA80FB02998B45E6DDBDE8FE8F000016
:1056A00010B5084A084C126822B12268BDE81040C3
:1056B00003F06AB902F0BEFF03F020F90349208825
:1056C000088010BD2C9000208000002000000860A1
:1056D0002DE9F0411C4615460E4607460B46FFF7DE
:1056E00093FF3A46234631461046FFF78DFF234687
:1056F0002A4619463846FFF787FF2A462346314691
:10570000BDE8F0411046FFF77FBF2DE9FC5F804602
:105710000024154603200F46A0EB450649E0781B00
:1057200081B208EB040A01901FFA8AF0FFF7B8FF74
:10573000381B81B208EB050900901FFA89F0FFF7CA
:10574000AFFF07EB040B1FFA8BF11FFA89F0FFF78D
:10575000A7FF07EB05091FFA89F11FFA8AF0FFF787
:105760009FFFA8EB040A1FFA89F11FFA8AF0FFF7DE
:1057700097FFA8EB05091FFA8BF11FFA89F0FFF7D5
:105780008FFF019881B21FFA8AF0FFF789FF009816
:1057900081B21FFA89F0FFF783FF641C002E03DA41
:1057A00006EB8406B61D04E0601B06EB80066D1E4A
:1057B0000A36AC42B3DDBDE8FC9F00002DE9F041A4
:1057C000044634480D46006820B12046BDE8F0414B
:1057D00003F0DAB8304E270A3046B1884089A1F587
:1057E000AA434FEA1528103B0FD0A1F5C853633BDD
:1057F00024D003F077F8384603F068F8E0B203F0FD
:1058000065F8B08903F06EF836E003F06BF83846BF
:1058100003F05CF87089401C80B203F063F8E0B2DA
:1058200003F054F8B08903F05DF8404603F04EF8F9
:10583000B089401C80B203F055F820E0B17919B965
:105840003188091B491E8CB203F04CF8270A3846F0
:1058500003F03CF8E0B203F039F8384603F036F8CC
:10586000E0B203F033F8B08903F03CF8404603F0AF
:105870002DF8E8B203F02AF8404603F027F8E8B222
:1058800003F024F8054930890880881C0280BDE8AF
:10589000F08100002C900020408F0020FEFF076068
:1058A0002DE9F8431F46144B804608981B6833B116
:1058B00000903B46404603F085F8BDE8F883A2EB34
:1058C0000802521C96B20C4685B2DFF830900FE009
:1058D0002146404602F0AEFE03F010F80020494693
:1058E00002E00D80401C80B2B042FAD3641CA4B226
:1058F000BC42EDD9E1E700002C90002000000860D8
:105900002DE9F04F95B003F0FBF9F84C47F289759B
:1059100045F21036A08045F2105947F2967849F6C4
:10592000060A41F6631B18B103F0A6F802F03BBD6E
:10593000EF480027016841F002010160006810A9EA
:1059400000F0020000902020109001201190129091
:1059500003201390E748FDF787FEE4484FF020410D
:10596000503802AA0160E449C0E901171021C7605C
:10597000C0E9047187610902C761C0E90971890042
:10598000C0E90B7189014763C0E90E7146210B9193
:105990000F20CDE90907CDE902070490D3480F97FE
:1059A00009A908975038FFF70EFA322006F0E6F8FA
:1059B000D32002F097FF02F039FDA08002F036FDFF
:1059C000A08002F033FD4FF6FF7707EA0020A080A9
:1059D00002F02CFDA1880843A0F51341A0804139B5
:1059E0007DD0042002F07EFF02F020FDA08002F0B6
:1059F0001DFDA08002F01AFD07EA0020A08002F041
:105A000015FDA1880843A0F50541A080523967D053
:105A1000A84264D0D42002F065FF02F007FDA08008
:105A200002F004FDA08002F001FD07EA0020A08042
:105A300002F0FCFCA1880843A080B04276D0D320BD
:105A400002F050FF02F0F2FCA08002F0EFFCA08018
:105A500002F0ECFC07EA0020A08002F0E7FCA1883D
:105A60000843A080404561D055214FF4704002F0BA
:105A70004FFFAA214FF2010002F04AFF52214FF2DC
:105A8000020002F045FF08214FF2030002F040FF40
:105A900001214FF2040002F03BFF4FF4454002F0B9
:105AA00021FF02F0C3FC07EA0020A0804CF2015065
:105AB00002F018FF02F0BAFCA1880843A08005207C
:105AC00006F05CF8A188494530D0D32002F00AFFE7
:105AD00002F0ACFCA08002F0A9FCA08001E020E074
:105AE00020E002F0A3FC07EA0020A08002F09EFC68
:105AF000A1880843A080504518D0A12002F0F2FEF2
:105B000002F094FCA08002F091FC07EA0020A08043
:105B100002F08CFCA1880843A0F5AE41A080613959
:105B200002D003E0A58001E0A4F804B0A18873A02E
:105B3000FAF7CAFBA088A0F5134141397ED0A842EC
:105B40007DD1112002F0CEFE782006F017F8362025
:105B500002F0C8FE002002F0B9FE3A2002F0C2FEB8
:105B6000052002F0B3FEB22002F0BCFE0C2002F0D1
:105B7000ADFE0C2002F0AAFE002002F0A7FE3320AA
:105B800002F0A4FE332002F0A1FEB72002F0AAFE2C
:105B9000352002F09BFEBB2002F0A4FE322002F072
:105BA00095FEC02002F09EFE0C2002F08FFEC22067
:105BB00002F098FE012002F089FEC32002F092FE5E
:105BC000102002F083FEC42002F08CFE202002F0A0
:105BD0007DFEC62002F086FE0F2002F077FED02068
:105BE00002F080FEA42002F071FEA12002F06EFE01
:105BF000E02002F077FED02002F068FE002002F0E4
:105C000065FE022002F062FE072002F05FFE0A201D
:105C100002F05CFE282002F059FE322002F056FE0F
:105C2000442002F053FE422002F050FE062002F013
:105C30004DFE0E2002F04AFE122001E066E077E100
:105C400002F044FE142002F041FE172002F03EFE56
:105C5000E12002F047FED02002F038FE002002F0E2
:105C600035FE022002F032FE072002F02FFE0A204D
:105C700002F02CFE282002F029FE312002F026FE40
:105C8000542002F023FE472002F020FE0E2002F0F6
:105C90001DFE1C2002F01AFE172002F017FE1B202A
:105CA00002F014FE1E2002F011FE2A2002F01AFE5D
:105CB000002002F00BFE002002F008FE002002F09F
:105CC00005FEEF2002F002FE2B2002F00BFE00206A
:105CD00002F0FCFD002002F0F9FD012002F0F6FDCB
:105CE0003F2002F0F3FD292002F0A0BA408F0020EF
:105CF0003038024000040240040100A0204C43441C
:105D00002049443A25780D0A00000000CF2002F017
:105D1000E9FD002002F0DAFDC12002F0D7FD3020BD
:105D200002F0D4FDED2002F0DDFD642002F0CEFD96
:105D3000032002F0CBFD122002F0C8FD812002F00A
:105D4000C5FDE82002F0CEFD852002F0BFFD102049
:105D500002F0BCFD7A2002F0B9FDCB2002F0C2FDBA
:105D6000392002F0B3FD2C2002F0B0FD002002F03B
:105D7000ADFD342002F0AAFD022002F0A7FDF720BD
:105D800002F0B0FD202002F0A1FDEA2002F0AAFD01
:105D9000002002F09BFD002002F098FDC02002F0E0
:105DA000A1FD1B2002F092FDC12002F09BFD01200D
:105DB00002F08CFDC52002F095FD302002F086FD3A
:105DC000302002F083FDC72002F08CFDB72002F0E6
:105DD0007DFD362002F086FD482002F077FD3A2056
:105DE00002F080FD552002F071FDB12002F07AFD35
:105DF000002002F06BFD1A2002F068FDB62002F0D0
:105E000071FD0A2002F062FDA22002F05FFDF22087
:105E100002F068FD002002F059FD262002F062FD2C
:105E2000012002F053FDE02002F05CFD0F2002F0A3
:105E30004DFD2A2002F04AFD282002F047FD0820EF
:105E400002F044FD0E2002F041FD082002F03EFD6C
:105E5000542002F03BFDA92002F038FD432002F05F
:105E600035FD0A2002F032FD0F2002F02FFD002048
:105E700002F02CFD002002F029FD002002F026FD9A
:105E8000002002F023FDE12002F02CFD002002F0B2
:105E90001DFD152002F01AFD172002F017FD072046
:105EA00002F014FD112002F011FD062002F00EFD9B
:105EB0002B2002F00BFD562002F008FD3C2002F0E2
:105EC00005FD052002F002FD102002F0FFFC0F206E
:105ED00002F0FCFC3F2002F0F9FC3F2002F0F6FC4F
:105EE0000F2002F0F3FC2B2002F0FCFC002002F05B
:105EF000EDFC002002F0EAFC012002F0E7FC3F206C
:105F000002F0E4FC2A2002F0EDFC002002F0DEFCAE
:105F1000002002F0DBFC002002F0D8FCEF2002F0B1
:105F2000D5FC112002F0DEFC782005F027FEDAE631
:105F3000B0427CD1ED2002F0D5FC012002F0C6FC7D
:105F4000FE2002F0C3FCEE2002F0CCFCDE2002F0CA
:105F5000BDFC212002F0BAFCF12002F0C3FC0120BC
:105F600002F0B4FCDF2002F0BDFC102002F0AEFC19
:105F7000C42002F0B7FC8F2002F0A8FCC62002F07B
:105F8000B1FC002002F0A2FCE22002F09FFCE22023
:105F900002F09CFCE22002F099FCBF2002F0A2FC7F
:105FA000AA2002F093FCB02002F09CFC0D2002F02D
:105FB0008DFC002002F08AFC0D2002F087FC0020FE
:105FC00002F084FC112002F081FC002002F07EFC33
:105FD000192002F07BFC002002F078FC212002F066
:105FE00075FC002002F072FC2D2002F06FFC0020F6
:105FF00002F06CFC3D2002F069FC002002F066FC1F
:106000005D2002F063FC002002F060FC5D2002F0E5
:106010005DFC002002F05AFCB12002F063FC8020FD
:1060200002F054FC002002F051FC8B2000E0FCE365
:1060300002F04CFC002002F049FC962002F046FCE5
:10604000002002F043FCB22002F04CFC002002F0E1
:106050003DFC002002F03AFC022002F037FC002058
:1060600002F034FC032002F031FC002002F02EFC90
:10607000B32002F037FC002002F028FC002002F0E0
:1060800025FC002002F022FC002002F01FFC002072
:1060900002F01CFC002002F019FC002002F016FCAB
:1060A000002002F013FC002002F010FC002002F09F
:1060B0000DFC002002F00AFC002002F007FC00208A
:1060C00002F004FC002002F001FC002002F0FEFBC4
:1060D000002002F0FBFB002002F0F8FB002002F0A1
:1060E000F5FB002002F0F2FB002002F0EFFB0020A5
:1060F00002F0ECFB002002F0E9FB002002F0E6FBDE
:10610000002002F0E3FBB42002F0ECFB8B2002F055
:10611000DDFB002002F0DAFB962002F0D7FB002026
:1061200002F0D4FBA12002F0D1FB002002F0CEFB54
:10613000B52002F0D7FB022002F0C8FB002002F0DD
:10614000C5FB032002F0C2FB002002F0BFFB0420CD
:1061500002F0BCFB002002F0B9FBB62002F0C2FB4B
:10616000002002F0B3FB002002F0B0FBB72002F0E9
:10617000B9FB002002F0AAFB002002F0A7FB3F20A1
:1061800002F0A4FB002002F0A1FB5E2002F09EFBC7
:10619000002002F09BFB642002F098FB002002F03C
:1061A00095FB8C2002F092FB002002F08FFBAC20CC
:1061B00002F08CFB002002F089FBDC2002F086FB61
:1061C000002002F083FB702002F080FB002002F030
:1061D0007DFB902002F07AFB002002F077FBEB20A1
:1061E00002F074FB002002F071FBDC2002F06EFB79
:1061F000002002F06BFBB82002F074FB002002F0DC
:1062000065FB002002F062FB002002F05FFB002033
:1062100002F05CFB002002F059FB002002F056FB6C
:10622000002002F053FB002002F050FBBA2002F0E5
:1062300059FB242002F04AFB002002F047FB00201B
:1062400002F044FB002002F041FBC12002F04AFBB7
:10625000202002F03BFB002002F038FB542002F02B
:1062600035FB002002F032FBFF2002F02FFB002064
:1062700002F02CFBC22002F035FB0A2002F026FBC4
:10628000002002F023FB042002F020FB002002F09B
:106290001DFBC32002F026FB3C2002F017FB002070
:1062A00002F014FB3A2002F011FB002002F00EFB7A
:1062B000392002F00BFB002002F008FB372002F02F
:1062C00005FB002002F002FB3C2002F0FFFA002058
:1062D00002F0FCFA362002F0F9FA002002F0F6FA99
:1062E000322002F0F3FA002002F0F0FA2F2002F040
:1062F000EDFA002002F0EAFA2C2002F0E7FA002082
:1063000002F0E4FA292002F0E1FA002002F0DEFABD
:10631000262002F0DBFA002002F0D8FA242002F056
:10632000D5FA002002F0D2FA242002F0CFFA0020A1
:1063300002F0CCFA232002F0C9FA002002F0C6FADB
:106340003C2002F0C3FA002002F0C0FA362002F02E
:10635000BDFA002002F0BAFA322002F0B7FA0020AB
:1063600002F0B4FA2F2002F0B1FA002002F0AEFAE7
:106370002C2002F0ABFA002002F0A8FA292002F04B
:10638000A5FA002002F0A2FA262002F09FFA0020CF
:1063900002F09CFA242002F099FA002002F096FA0A
:1063A000242002F093FA002002F090FA232002F059
:1063B0008DFA002002F08AFAC42002F093FA6220DB
:1063C00002F084FA002002F081FA052002F07EFA41
:1063D000002002F07BFA842002F078FA002002F01C
:1063E00075FAF02002F072FA002002F06FFA18201D
:1063F00002F06CFA002002F069FAA42002F066FABA
:10640000002002F063FA182002F060FA002002F087
:106410005DFA502002F05AFA002002F057FA0C20E0
:1064200002F054FA002002F051FA172002F04EFA5E
:10643000002002F04BFA952002F048FA002002F00A
:1064400045FAF32002F042FA002002F03FFAE6207B
:1064500002F03CFA002002F039FAC52002F042FABC
:10646000322002F033FA002002F030FA442002F029
:106470002DFA002002F02AFA652002F027FA002007
:1064800002F024FA762002F021FA002002F01EFA2F
:10649000882002F01BFA002002F018FAC62002F051
:1064A00021FA202002F012FA002002F00FFA172041
:1064B00002F00CFA002002F009FA012002F006FABC
:1064C000002002F003FAC72002F00CFA002002F0CC
:1064D000FDF9002002F0FAF9002002F0F7F900209F
:1064E00002F0F4F9C82002F0FDF9002002F0EEF904
:1064F000002002F0EBF9002002F0E8F9002002F0A1
:10650000E5F9C92002F0EEF9002002F0DFF90020E1
:1065100002F0DCF9002002F0D9F9002002F0D6F9EF
:10652000002002F0D3F9002002F0D0F9002002F0A0
:10653000CDF9002002F0CAF9002002F0C7F90020CE
:1065400002F0C4F9002002F0C1F9002002F0BEF907
:10655000002002F0BBF9002002F0B8F9002002F0A0
:10656000B5F9002002F0B2F9E02002F0BBF91620E4
:1065700002F0ACF9002002F0A9F91C2002F0A6F903
:10658000002002F0A3F9212002F0A0F9002002F07F
:106590009DF9362002F09AF9002002F097F9462082
:1065A00002F094F9002002F091F9522002F08EF9E5
:1065B000002002F08BF9642002F088F9002002F03C
:1065C00085F97A2002F082F9002002F07FF98B2011
:1065D00002F07CF9002002F079F9992002F076F9B6
:1065E000002002F073F9A82002F070F9002002F0F8
:1065F0006DF9B92002F06AF9002002F067F9C420B1
:1066000002F064F9002002F061F9CA2002F05EF99C
:10661000002002F05BF9D22002F058F9002002F0CD
:1066200055F9D92002F052F9002002F04FF9E0208C
:1066300002F04CF9002002F049F9F32002F046F98B
:10664000002002F043F9E12002F04CF9162002F09C
:106650003DF9002002F03AF91C2002F037F9002041
:1066600002F034F9222002F031F9002002F02EF974
:10667000362002F02BF9002002F028F9452002F024
:1066800025F9002002F022F9522002F01FF9002023
:1066900002F01CF9642002F019F9002002F016F94A
:1066A0007A2002F013F9002002F010F98B2002F09A
:1066B0000DF9002002F00AF9992002F007F90020F4
:1066C00002F004F9A82002F001F9002002F0FEF81F
:1066D000B92002F0FBF8002002F0F8F8C42002F024
:1066E000F5F8002002F0F2F8CA2002F0EFF80020DE
:1066F00002F0ECF8D22002F0E9F8002002F0E6F80F
:10670000D82002F0E3F8002002F0E0F8E02002F0E8
:10671000DDF8002002F0DAF8F32002F0D7F80020CC
:1067200002F0D4F8E22002F0DDF8052002F0CEF805
:10673000002002F0CBF80B2002F0C8F8002002F095
:10674000C5F81B2002F0C2F8002002F0BFF8342088
:1067500002F0BCF8002002F0B9F8442002F0B6F8CC
:10676000002002F0B3F84F2002F0B0F8002002F051
:10677000ADF8612002F0AAF8002002F0A7F8792015
:1067800002F0A4F8002002F0A1F8882002F09EF8A0
:10679000002002F09BF8972002F098F8002002F009
:1067A00095F8A62002F092F8002002F08FF8B720AA
:1067B00002F08CF8002002F089F8C22002F086F87E
:1067C000002002F083F8C72002F080F8002002F0D9
:1067D0007DF8D12002F07AF8002002F077F8D62078
:1067E00002F074F8002002F071F8DD2002F06EF87B
:1067F000002002F06BF8F32002F068F8002002F0AD
:1068000065F8E32002F06EF8052002F05FF8002042
:1068100002F05CF80A2002F059F8002002F056F865
:106820001C2002F053F8002000E0FDE202F04EF8D8
:10683000332002F04BF8002002F048F8442002F028
:1068400045F8002002F042F8502002F03FF8002006
:1068500002F03CF8622002F039F8002002F036F82D
:10686000782002F033F8002002F030F8882002F09F
:106870002DF8002002F02AF8972002F027F80020D7
:1068800002F024F8A62002F021F8002002F01EF801
:10689000B72002F01BF8002002F018F8C22002F026
:1068A00015F8002002F012F8C72002F00FF80020BF
:1068B00002F00CF8D12002F009F8002002F006F8EE
:1068C000D52002F003F8002002F000F8DD2001F0EE
:1068D000FDFF002001F0FAFFF32001F0F7FF002098
:1068E00001F0F4FFE42001F0FDFF012001F0EEFFD4
:1068F000002001F0EBFF012001F0E8FF002001F093
:10690000E5FF022001F0E2FF002001F0DFFF2A2076
:1069100001F0DCFF002001F0D9FF3C2001F0D6FFA0
:10692000002001F0D3FF4B2001F0D0FF002001F048
:10693000CDFF5D2001F0CAFF002001F0C7FF7420E9
:1069400001F0C4FF002001F0C1FF842001F0BEFF70
:10695000002001F0BBFF932001F0B8FF002001F000
:10696000B5FFA22001F0B2FF002001F0AFFFB3207D
:1069700001F0ACFF002001F0A9FFBE2001F0A6FF4E
:10698000002001F0A3FFC42001F0A0FF002001F0CF
:106990009DFFCD2001F09AFF002001F097FFD3204A
:1069A00001F094FF002001F091FFDD2001F08EFF47
:1069B000002001F08BFFF32001F088FF002001F0A0
:1069C00085FFE52001F08EFF002001F07FFF002011
:1069D00001F07CFF002001F079FF002001F076FF3C
:1069E000022001F073FF002001F070FF292001F068
:1069F0006DFF002001F06AFF3C2001F067FF0020DE
:106A000001F064FF4B2001F061FF002001F05EFF08
:106A10005D2001F05BFF002001F058FF742001F0C1
:106A200055FF002001F052FF842001F04FFF0020AD
:106A300001F04CFF932001F049FF002001F046FFD8
:106A4000A22001F043FF002001F040FFB32001F03D
:106A50003DFF002001F03AFFBE2001F037FF00208B
:106A600001F034FFC42001F031FF002001F02EFFBF
:106A7000CD2001F02BFF002001F028FFD32001F0F2
:106A800025FF002001F022FFDC2001F01FFF002085
:106A900001F01CFFF32001F019FF002001F016FFA8
:106AA000E62001F01FFF112001F010FF002001F08F
:106AB0000DFF342001F00AFF002001F007FF5620EF
:106AC00001F004FF002001F001FF762001F0FEFE3E
:106AD000002001F0FBFE772001F0F8FE002001F01D
:106AE000F5FE662001F0F2FE002001F0EFFE8820A6
:106AF00001F0ECFE002001F0E9FE992001F0E6FE35
:106B0000002001F0E3FEBB2001F0E0FE002001F0D8
:106B1000DDFE992001F0DAFE002001F0D7FE6620AC
:106B200001F0D4FE002001F0D1FE552001F0CEFE90
:106B3000002001F0CBFE552001F0C8FE002001F03E
:106B4000C5FE452001F0C2FE002001F0BFFE43203B
:106B500001F0BCFE002001F0B9FE442001F0B6FEB9
:106B6000002001F0B3FEE72001F0BCFE322001F06E
:106B7000ADFE002001F0AAFE552001F0A7FE002086
:106B800001F0A4FE762001F0A1FE002001F09EFE9F
:106B9000662001F09BFE002001F098FE672001F0C6
:106BA00095FE002001F092FE672001F08FFE00208C
:106BB00001F08CFE872001F089FE002001F086FEA6
:106BC000992001F083FE002001F080FEBB2001F03F
:106BD0007DFE002001F07AFE992001F077FE002072
:106BE00001F074FE772001F071FE002001F06EFECE
:106BF000442001F06BFE002001F068FE562001F0F9
:106C000065FE002001F062FE232001F05FFE0020FF
:106C100001F05CFE332001F059FE002001F056FE29
:106C2000452001F053FE002001F050FEE82001F065
:106C300059FE002001F04AFE002001F047FE992095
:106C400001F044FE002001F041FE872001F03EFEED
:106C5000002001F03BFE882001F038FE002001F00A
:106C600035FE772001F032FE002001F02FFE662075
:106C700001F02CFE002001F029FE882001F026FE04
:106C8000002001F023FEAA2001F020FE002001F0E8
:106C90001DFEBB2001F01AFE002001F017FE992016
:106CA00001F014FE002001F011FE662001F00EFE3E
:106CB000002001F00BFE552001F008FE002001F03D
:106CC00005FE552001F002FE002001F0FFFD4420EA
:106CD00001F0FCFD002001F0F9FD442001F0F6FD7B
:106CE000002001F0F3FD552001F0F0FD002001F03F
:106CF000EDFDE92001F0F6FDAA2001F0E7FD0020FE
:106D000001F0E4FD002001F0E1FD002001F0DEFDD6
:106D1000002001F0E7FDAA2001F0D8FDCF2001F00E
:106D2000E1FD002001F0D2FD002001F0CFFD0020A8
:106D300001F0CCFD002001F0C9FD002001F0C6FDEE
:106D4000002001F0C3FD002001F0C0FD002001F093
:106D5000BDFD002001F0BAFD002001F0B7FD0020CC
:106D600001F0B4FD002001F0B1FD002001F0AEFD06
:106D7000002001F0ABFD002001F0A8FD002001F093
:106D8000A5FD002001F0A2FDF02001F0ABFD0020E8
:106D900001F09CFD502001F099FD002001F096FDCE
:106DA000002001F093FD002001F090FDF32001F0A0
:106DB00099FD002001F08AFDF92001F093FD0620E5
:106DC00001F084FD102001F081FD292001F07EFDFD
:106DD000002001F07BFD3A2001F084FD552001F0F8
:106DE00075FD112001F07EFD642004F0C7FE29200E
:106DF00001F078FD352001F075FD002001F066FD01
:106E0000512001F06FFDFF2001F060FD532001F0E3
:106E100069FD2C2001F05AFD552001F063FD822010
:106E200001F054FD01F001BA48457DD155214FF4E0
:106E3000704001F06DFDAA214FF2010001F068FDE4
:106E400052214FF2020001F063FD4FF203030821CB
:106E5000184601F05DFD4FF204070121384601F0AC
:106E600057FD0D214FF4304001F052FD0D214BF242
:106E7000010001F04DFD0D214BF2020001F048FD33
:106E800034214FF4364001F043FD34214BF20160D0
:106E900001F03EFD34214BF2026001F039FD0D217D
:106EA0004FF4314001F034FD0D214BF2011001F09F
:106EB0002FFD0D214BF2021001F02AFD34214FF479
:106EC000374001F025FD34214BF2017001F020FD27
:106ED00034214BF2027001F01BFD00214FF43240CF
:106EE00001F016FD00214BF2012001F011FD0021FF
:106EF0004BF2022001F00CFD24214FF4384001F048
:106F000007FD24214BF6010001F002FD24214BF680
:106F1000020001F0FDFC01214FF43F4001F0F8FCBC
:106F20000F214FF4334000E0FEE301F0F1FC0F21AC
:106F30004BF2013001F0ECFC0F214BF2023001F07A
:106F4000E7FC34214FF4394001F0E2FC34214BF6E8
:106F5000011001F0DDFC34214BF6021001F0D8FCE9
:106F600008214FF4354001F0D3FC08214BF20150C9
:106F700001F0CEFC08214BF2025001F0C9FC0321C4
:106F80004FF4424001F0C4FC24214FF43A4001F098
:106F9000BFFC24214BF6012001F0BAFC24214BF662
:106FA000022001F0B5FC00214FF43C4001F0B0FCA0
:106FB00078214BF6014001F0ABFC00214BF602407A
:106FC00001F0A6FC00214FF43D4001F0A1FC782126
:106FD0004BF6015001F09CFC00214BF6025001F0F1
:106FE00097FC00214FF43E4001F092FC64214BF6E7
:106FF000016001F08DFC00214FF4514001F088FC4C
:1070000033214DF2011001F083FC00214DF20210FA
:1070100001F07EFC34214DF2031001F079FC0021D7
:107020004DF2041001F074FC3A214DF2051001F00C
:107030006FFC00214DF2061001F06AFC4A214DF26E
:10704000071001F065FC00214DF2081001F060FC12
:107050005C214DF2091001F05BFC00214DF20A1099
:1070600001F056FC81214DF20B1001F051FC002182
:107070004DF20C1001F04CFCA6214DF20D1001F068
:1070800047FC00214DF20E1001F042FCE5214DF2CB
:107090000F1001F03DFC01214DF2101001F038FC01
:1070A00013214DF2111001F033FC01214DF21210A9
:1070B00001F02EFC54214DF2131001F029FC0121A6
:1070C0004DF2141001F024FC82214DF2151001F054
:1070D0001FFC01214DF2161001F01AFCCA214DF2DD
:1070E000171001F015FC02214DF2181001F010FCF0
:1070F00000214DF2191001F00BFC02214DF21A1083
:1071000001F006FC01214DF21B1001F001FC0221EF
:107110004DF21C1001F0FCFB34214DF21D1001F06A
:10712000F7FB02214DF21E1001F0F2FB67214DF238
:107130001F1001F0EDFB02214DF2201001F0E8FBE1
:1071400084214DF2211001F0E3FB02214DF22210C7
:1071500001F0DEFBA4214DF2231001F0D9FB022146
:107160004DF2241001F0D4FBB7214DF2251001F0AF
:10717000CFFB02214DF2261001F0CAFBCF214DF2C8
:10718000271001F0C5FB02214DF2281001F0C0FBD1
:10719000DE214DF2291001F0BBFB02214DF22A1035
:1071A00001F0B6FBF2214DF22B1001F0B1FB0221F0
:1071B0004DF22C1001F0ACFBFE214DF22D1001F030
:1071C000A7FB03214DF22E1001F0A2FB10214DF27E
:1071D0002F1001F09DFB03214DF2301001F098FBC0
:1071E00033214DF2311001F093FB03214DF23210A7
:1071F00001F08EFB6D214DF2331001F089FB00216F
:107200004FF4524001F084FB33214DF2012001F094
:107210007FFB00214DF2022001F07AFB34214DF278
:10722000032001F075FB00214DF2042001F070FBFA
:107230003A214DF2052001F06BFB00214DF20620B2
:1072400001F066FB4A214DF2072001F061FB0021AD
:107250004DF2082001F05CFB5C214DF2092001F0A9
:1072600057FB00214DF20A2001F052FB81214DF223
:107270000B2001F04DFB00214DF20C2001F048FBEA
:10728000A6214DF20D2001F043FB00214DF20E200E
:1072900001F03EFBE5214DF20F2001F039FB012109
:1072A0004DF2102001F034FB13214DF2112001F0BA
:1072B0002FFB01214DF2122001F02AFB54214DF247
:1072C000132001F025FB01214DF2142001F020FBD9
:1072D00082214DF2152001F01BFB01214DF21620F9
:1072E00001F016FBCA214DF2172001F011FB02211B
:1072F0004DF2182001F00CFB00214DF2192001F095
:1073000007FB02214DF21A2001F002FB01214DF290
:107310001B2001F0FDFA02214DF21C2001F0F8FAC9
:1073200034214DF21D2001F0F3FA02214DF21E200E
:1073300001F0EEFA67214DF21F2001F0E9FA022177
:107340004DF2202001F0E4FA84214DF2212001F0D9
:10735000DFFA02214DF2222001F0DAFAA4214DF2E7
:10736000232001F0D5FA02214DF2242001F0D0FAB9
:10737000B7214DF2252001F0CBFA02214DF2262053
:1073800001F0C6FACF214DF2272001F0C1FA022107
:107390004DF2282001F0BCFADE214DF2292001F047
:1073A000B7FA02214DF22A2001F0B2FAF2214DF291
:1073B0002B2001F0ADFA02214DF22C2001F0A8FAA9
:1073C000FE214DF22D2001F0A3FA03214DF22E20D3
:1073D00001F09EFA10214DF22F2001F099FA0321BD
:1073E0004DF2302001F094FA33214DF2312001F0BA
:1073F0008FFA03214DF2322001F08AFA6D214DF20D
:10740000332001F085FA00214FF4534001F080FA57
:1074100033214DF2013001F07BFA00214DF20230B0
:1074200001F076FA34214DF2033001F071FA0021B7
:107430004DF2043001F06CFA3A214DF2053001F0C2
:1074400067FA00214DF2063001F062FA4A214DF24E
:10745000073001F05DFA00214DF2083001F058FAD2
:107460005C214DF2093001F053FA00214DF20A304F
:1074700001F04EFA81214DF20B3001F049FA002162
:107480004DF20C3001F044FAA6214DF20D3001F01E
:107490003FFA00214DF20E3001F03AFAE5214DF2AB
:1074A0000F3001F035FA01214DF2103001F030FAC1
:1074B00013214DF2113001F02BFA01214DF212305F
:1074C00001F026FA54214DF2133001F021FA012186
:1074D0004DF2143001F01CFA82214DF2153001F00A
:1074E00017FA01214DF2163001F012FACA214DF2BD
:1074F000173001F00DFA02214DF2183001F008FAB0
:1075000000214DF2193001F003FA02214DF21A3038
:1075100001F0FEF901214DF21B3001F0F9F90221D1
:107520004DF21C3001F0F4F934214DF21D3001F020
:10753000EFF902214DF21E3001F0EAF967214DF218
:107540001F3001F0E5F902214DF2203001F0E0F9A1
:1075500084214DF2213001F0DBF902214DF222307D
:1075600001F0D6F9A4214DF2233001F0D1F9022126
:107570004DF2243001F0CCF9B7214DF2253001F065
:10758000C7F902214DF2263001F0C2F9CF214DF2A8
:10759000273001F0BDF902214DF2283001F0B8F991
:1075A000DE214DF2293001F0B3F902214DF22A30EB
:1075B00001F0AEF9F2214DF22B3001F0A9F90221D0
:1075C0004DF22C3001F0A4F9FE214DF22D3001F0E6
:1075D0009FF903214DF22E3001F09AF910214DF25E
:1075E0002F3001F095F903214DF2303001F090F980
:1075F00033214DF2313001F08BF903214DF232305D
:1076000001F086F96D214DF2333001F081F900214E
:107610004FF4544001F07CF933214DF2014001F068
:1076200077F900214DF2024001F072F934214DF258
:10763000034001F06DF900214DF2044001F068F9BA
:107640003A214DF2054001F063F900214DF2064068
:1076500001F05EF94A214DF2074001F059F900218D
:107660004DF2084001F054F95C214DF2094001F05F
:107670004FF900214DF20A4001F04AF981214DF203
:107680000B4001F045F900214DF20C4001F040F9AA
:10769000A6214DF20D4001F03BF900214DF20E40C4
:1076A00001F036F9E5214DF20F4001F031F90121E9
:1076B0004DF2104001F02CF913214DF2114001F070
:1076C00027F901214DF2124001F022F954214DF227
:1076D000134001F01DF901214DF2144001F018F999
:1076E00082214DF2154001F013F901214DF21640AF
:1076F00001F00EF9CA214DF2174001F009F90221FB
:107700004DF2184001F004F900214DF2194001F04A
:10771000FFF802214DF21A4001F0FAF801214DF272
:107720001B4001F0F5F800E0FCE202214DF21C40A4
:1077300001F0EEF834214DF21D4001F0E9F802218C
:107740004DF21E4001F0E4F867214DF21F4001F0B8
:10775000DFF802214DF2204001F0DAF884214DF2E9
:10776000214001F0D5F802214DF2224001F0D0F87D
:10777000A4214DF2234001F0CBF802214DF2244028
:1077800001F0C6F8B7214DF2254001F0C1F8022101
:107790004DF2264001F0BCF8CF214DF2274001F018
:1077A000B7F802214DF2284001F0B2F8DE214DF287
:1077B000294001F0ADF802214DF22A4001F0A8F86D
:1077C000F2214DF22B4001F0A3F802214DF22C40A2
:1077D00001F09EF8FE214DF22D4001F099F80321B1
:1077E0004DF22E4001F094F810214DF22F4001F09F
:1077F0008FF803214DF2304001F08AF833214DF229
:10780000314001F085F803214DF2324001F080F85B
:107810006D214DF2334001F07BF800214FF45540CB
:1078200001F076F833214DF2015001F071F800219A
:107830004DF2025001F06CF834214DF2035001F08A
:1078400067F800214DF2045001F062F83A214DF240
:10785000055001F05DF800214DF2065001F058F896
:107860004A214DF2075001F053F800214DF2085023
:1078700001F04EF85C214DF2095001F049F8002169
:107880004DF20A5001F044F881214DF20B5001F005
:107890003FF800214DF20C5001F03AF8A6214DF2CC
:1078A0000D5001F035F800214DF20E5001F030F886
:1078B000E5214DF20F5001F02BF801214DF210504F
:1078C00001F026F813214DF2115001F021F80121A9
:1078D0004DF2125001F01CF854214DF2135001F0FA
:1078E00017F801214DF2145001F012F882214DF2E7
:1078F000155001F00DF801214DF2165001F008F875
:10790000CA214DF2175001F003F802214DF2185030
:1079100000F0FEFF00214DF2195000F0F9FF0221A6
:107920004DF21A5000F0F4FF01214DF21B5000F00F
:10793000EFFF02214DF21C5000F0EAFF34214DF21E
:107940001D5000F0E5FF02214DF21E5000F0E0FF57
:1079500067214DF21F5000F0DBFF02214DF2205055
:1079600000F0D6FF84214DF2215000F0D1FF02211A
:107970004DF2225000F0CCFFA4214DF2235000F034
:10798000C7FF02214DF2245000F0C2FFB7214DF293
:10799000255000F0BDFF02214DF2265000F0B8FF47
:1079A000CF214DF2275000F0B3FF02214DF22850B5
:1079B00000F0AEFFDE214DF2295000F0A9FF0221B8
:1079C0004DF22A5000F0A4FFF2214DF22B5000F0AE
:1079D0009FFF02214DF22C5000F09AFFFE214DF244
:1079E0002D5000F095FF03214DF22E5000F090FF36
:1079F00010214DF22F5000F08BFF03214DF230503B
:107A000000F086FF33214DF2315000F081FF032159
:107A10004DF2325000F07CFF6D214DF2335000F0FA
:107A200077FF00214FF4564000F072FF33214DF2F2
:107A3000016000F06DFF00214DF2026000F068FF70
:107A400034214DF2036000F063FF00214DF2046029
:107A500000F05EFF3A214DF2056000F059FF002171
:107A60004DF2066000F054FF4A214DF2076000F02D
:107A70004FFF00214DF2086000F04AFF5C214DF2FB
:107A8000096000F045FF00214DF20A6000F040FF60
:107A900081214DF20B6000F03BFF00214DF20C60A4
:107AA00000F036FFA6214DF20D6000F031FF0021FD
:107AB0004DF20E6000F02CFFE5214DF20F6000F05A
:107AC00027FF01214DF2106000F022FF13214DF23B
:107AD000116000F01DFF01214DF2126000F018FF4F
:107AE00054214DF2136000F013FF01214DF2146098
:107AF00000F00EFF82214DF2156000F009FF012118
:107B00004DF2166000F004FFCA214DF2176000F03C
:107B1000FFFE02214DF2186000F0FAFE00214DF246
:107B2000196000F0F5FE02214DF21A6000F0F0FE3F
:107B300001214DF21B6000F0EBFE02214DF21C60B2
:107B400000F0E6FE34214DF21D6000F0E1FE02215E
:107B50004DF21E6000F0DCFE67214DF21F6000F068
:107B6000D7FE02214DF2206000F0D2FE84214DF2BA
:107B7000216000F0CDFE02214DF2226000F0C8FE2F
:107B8000A4214DF2236000F0C3FE02214DF22460D7
:107B900000F0BEFEB7214DF2256000F0B9FE0221D3
:107BA0004DF2266000F0B4FECF214DF2276000F0C8
:107BB000AFFE02214DF2286000F0AAFEDE214DF258
:107BC000296000F0A5FE02214DF22A6000F0A0FE1F
:107BD000F2214DF22B6000F09BFE02214DF22C6051
:107BE00000F096FEFE214DF22D6000F091FE032183
:107BF0004DF22E6000F08CFE10214DF22F6000F04F
:107C000087FE03214DF2306000F082FE33214DF2F9
:107C1000316000F07DFE03214DF2326000F078FE0D
:107C20006D214DF2336000F073FE5521381F00F0D6
:107C30006FFEAA21F81E00F06BFE5221B81E00F064
:107C400067FE0821184600F063FE0021384600F068
:107C50005FFECC214FF4314000F05AFE00214BF280
:107C6000011000F055FE05214FF4364000F050FEA3
:107C700070214FF4374000F04BFE70214BF2017041
:107C800000F046FE01214FF4384000F041FE032190
:107C90004BF6010000F03CFE03214BF6020000F021
:107CA00037FE03214BF6030000F032FE02214FF4B1
:107CB0003C4000F02DFE00214BF6014000F028FE74
:107CC00000214BF6024000F023FED0214FF4494042
:107CD00000F01EFE02214CF6011000F019FE5021AA
:107CE0004CF6021000F014FE50214CF6031000F088
:107CF0000FFE50214CF6041000F00AFE00214FF454
:107D0000545000F005FE55214FF4685000F000FE7D
:107D10004FF4885000F0E6FD782003F03DFF4FF46B
:107D2000245083E240457CD1112000F0DBFD782017
:107D300003F024FF362000F0D5FD482000F0C6FDFA
:107D40003A2000F0CFFD552000F0C0FDF02000F0FB
:107D5000C9FDC32000F0BAFDF02000F0C3FD96205D
:107D600000F0B4FDB42000F0BDFD012000F0AEFD38
:107D7000B62000F0B7FD0A2000F0A8FDA22000F018
:107D8000A5FDB72000F0AEFDC62000F09FFDB92094
:107D900000F0A8FD022000F099FDE02000F096FD23
:107DA000C02000F09FFD802000F090FD162000F024
:107DB0008DFDC12000F096FD192000F087FDC22046
:107DC00000F090FDA72000F081FDC52000F08AFDA5
:107DD000162000F07BFDE82000F084FD402000F03C
:107DE00075FD8A2000F072FD002000F06FFD00207C
:107DF00000F06CFD292000F069FD192000F066FDFF
:107E0000A52000F063FD332000F060FDE02000F0CD
:107E100069FDF02000F05AFD072000F057FD0D200D
:107E200000E063E000F052FD042000F04FFD05206B
:107E300000F04CFD142000F049FD362000F046FD16
:107E4000542000F043FD4C2000F040FD382000F0AD
:107E50003DFD132000F03AFD142000F037FD2E20E8
:107E600000F034FD342000F031FDE12000F03AFD57
:107E7000F02000F02BFD102000F028FD142000F071
:107E800025FD0E2000F022FD0C2000F01FFD082033
:107E900000F01CFD352000F019FD442000F016FD17
:107EA0004C2000F013FD262000F010FD102000F003
:107EB0000DFD122000F00AFD2C2000F007FD3220FD
:107EC00000F004FDF02000F00DFD3C2000F0FEFC71
:107ED000F02000F007FD692000F0F8FC782003F0A6
:107EE0004DFE212000F0FEFCFDF7FDBE50457CD18B
:107EF000FF2000F0F7FCFF2000F0E8FC982000F0E5
:107F0000E5FC062000F0E2FCBC2000F0EBFC0120C8
:107F100000F0DCFC0F2000F0D9FC612000F0D6FC62
:107F2000FF2000F0D3FC012000F0D0FC012000F085
:107F3000CDFC0B2000F0CAFC102000F0C7FC37205D
:107F400000F0C4FC632000F0C1FCFF2000F0BEFC88
:107F5000FF2000F0BBFC012000F0B8FC012000F085
:107F6000B5FC002000F0B2FC002000F0AFFCFF20C8
:107F700000F0ACFC522000F0A9FC012000F0A6FCAF
:107F8000002000F0A3FC402000F0A0FCBD2000F089
:107F9000A9FC012000F09AFC232000F097FC45206A
:107FA00000F094FC672000F091FC012000F08EFCB2
:107FB000232000F08BFC452000F088FC672000F0B7
:107FC00085FCBE2000F08EFC002000F07FFC01202C
:107FD00000F07CFCAB2000F079FC602000F076FC27
:107FE000222000F073FC222000E022E100F06EFC71
:107FF000222000F06BFC222000F068FC222000F020
:1080000065FCC72000F06EFC362000F05FFCED2020
:1080100000F068FC7F2000F059FC0F2000F056FCB7
:10802000C02000F05FFC0F2000F050FC0B2000F09F
:108030004DFC0A2000F04AFCFC2000F053FC082014
:1080400000F044FCDF2000F04DFC002000F03EFC7E
:10805000002000F03BFC002000F038FC002000F085
:1080600035FC002000F032FC202000F02FFCF32033
:1080700000F038FC742000F029FCB42000F032FC41
:10808000002000F023FC002000F020FC002000F085
:108090001DFCF72000F026FC822000F017FCB12028
:1080A00000F020FC002000F011FC132000F00EFC7A
:1080B000132000F00BFCF22000F014FC802000F0F4
:1080C00005FC042000F002FC402000F0FFFB28200B
:1080D00000F0FCFBC12000F005FC172000F0F6FBCF
:1080E000882000F0F3FB882000F0F0FB202000F057
:1080F000EDFBE02000F0F6FB002000F0E7FB0A209B
:1081000000F0E4FB122000F0E1FB102000F0DEFBA9
:108110000E2000F0DBFB202000F0D8FBCC2000F08C
:10812000D5FB072000F0D2FB062000F0CFFB0B2090
:1081300000F0CCFB0E2000F0C9FB0F2000F0C6FBC6
:108140000D2000F0C3FB152000F0C0FB102000F054
:10815000BDFB002000F0BAFBE12000F0C3FB0020D3
:1081600000F0B4FB0B2000F0B1FB132000F0AEFBDD
:108170000D2000F0ABFB0E2000F0A8FB1B2000F050
:10818000A5FB712000F0A2FB062000F09FFB06205B
:1081900000F09CFB0A2000F099FB0F2000F096FBFA
:1081A0000E2000F093FB0F2000F090FB152000F054
:1081B0008DFB0C2000F08AFB002000F087FB2A20BA
:1081C00000F090FB002000F081FB002000F07EFB1F
:1081D000012000F07BFBDF2000F078FB2B2000F07B
:1081E00081FB002000F072FB002000F06FFB0320F9
:1081F00000F06CFB1F2000F069FB3A2000F072FBDE
:10820000552000F063FB362000F06CFB002000F0EE
:108210005DFB112000F066FB782003F0AFFC292005
:1082200000F060FB142003F0A9FC2C2000F05AFBA6
:10823000B9E05845FCD1E22000F054FB1D2000F0CD
:1082400045FB022000F042FB042000F03FFB6420CD
:1082500003F0A2FCE02000F045FB012000F036FB1B
:108260000A2003F08BFCE02000F03CFB032000F030
:108270002DFB0C2003F082FC012000F033FB0A20D0
:1082800003F07CFCE62000F02DFB2F2000F01EFB0D
:10829000FF2000F01BFBFF2000F018FBB02000F0D7
:1082A00021FB202000F012FB002000F00FFB032038
:1082B00000F00CFB40F21F3000F008FB012000F042
:1082C00005FB40F2DF1000F001FB002000F0FEFA99
:1082D000B42000F007FB042000F0F8FA40F21F4041
:1082E00000F0F4FA002000F0F1FA2E2000F0EEFA8F
:1082F000002000F0EBFA002000F0E8FA002000F087
:10830000E5FA002000F0E2FAB62000F0EBFA0220D5
:1083100000F0DCFA4FF4037000F0D8FA002000F00F
:10832000D5FA172000F0D2FA152000F0CFFA00207D
:1083300000F0CCFA002000F0C9FAF02000F0D2FAE8
:10834000032000F0C3FA292000F0CCFAD02000F07E
:10835000C9FA002000F0BAFABE2000F0C3FA0520E6
:1083600000F0B4FAFE2000F0B1FA012000F0AEFAFD
:10837000002000F0ABFA002000F0A8FA002000F086
:10838000A5FAB82000F0AEFA032000F09FFA012011
:1083900000F09CFABA2000F0A5FA012000F096FA4D
:1083A000642000F04DF8A088A0F5134141390BD0AE
:1083B000B04209D0484507D0584505D0A84203D05F
:1083C000404501D0504519D14FF02040D0F804115C
:1083D00021F00F01C0F80411D0F8041121F47061EC
:1083E000C0F80411D0F8041141F00501C0F80411DF
:1083F000D0F8041141F4A061C0F804110020FDF789
:108400007FF805490120C1F894024FF6FF70FDF78F
:1084100053F815B0BDE8F08F0080404203460120BC
:1084200000E05843491EC9B2FBD27047034808B563
:108430000088ADF80000BDF8000008BD000008602D
:1084400010B50246BE2000F04DFA052000F03EFABD
:10845000104604F0D7F99FED0C1B53EC112B04F0E0
:1084600021FA04F08BF980B200F030FA012000F01C
:108470002DFAFF2000F02AFA002000F027FABDE8CC
:108480001040002000F022BA666666666666044008
:1084900070B5674C00232146A279898841F663159F
:1084A000012A01D01AB11BE0A94202D118E0A94269
:1084B00016D1082814D2DFE800F00406080A0C0ED2
:1084C000101206200CE007200AE0042008E0052036
:1084D00006E0012004E0002002E0032000E002208A
:1084E000082812D2DFE800F0110406080A0C0E106A
:1084F00080230AE0402308E0C02306E0202304E0B4
:10850000602302E0A02300E0E023362045F210566D
:10851000B14200D10002A1F51342413A07D0A1F5C2
:10852000EE42893A03D0A1F5EE42963A01D143F0EA
:108530000803194600F0ECF9A288AA420AD098066E
:108540002088618802D5884202D303E0884201D99D
:10855000218060806089B24240D100F0C3F90020E0
:1085600000F0B4F96089401C80B200F0BBF9002033
:1085700000F0ACF96089801C80B200F0B3F920886B
:10858000401EC0F30F2000F0A1F96089C01C80B22A
:1085900000F0A8F92078401EC0B200F097F9A08939
:1085A00000F0A0F9002000F091F9A089401C80B2F1
:1085B00000F098F9002000F089F9A089801C80B2B1
:1085C00000F090F96088401EC0F30F2000F07EF9A3
:1085D000A089C01C80B200F085F921E000F082F98A
:1085E000002000F073F9002000F070F92088401E90
:1085F000C0F30F2000F06AF92078401EC0B200F0EE
:1086000065F9A08900F06EF9002000F05FF9002004
:1086100000F05CF96088401EC0F30F2000F056F9AE
:10862000A078BDE87040401EC0B200F04FB9000015
:10863000408F0020F0B53A4D0C460246060AA98844
:108640002846270A4089A1F5C853633B16D0A1F5F7
:10865000AA43103B4BD000F045F9304600F036F904
:10866000D0B200F033F9A88900F03CF9384600F0A8
:108670002DF9E0B2BDE8F04000F028B9A97929B39E
:1086800000F030F9304600F021F9D0B200F01EF9C8
:108690002888401EC0F30F2000F018F92878401EEB
:1086A000C0B200F013F9A88900F01CF9384600F0B8
:1086B0000DF9E0B200F00AF96888401EC0F30F20FF
:1086C00000F004F9A878401EC0B2D3E72988891ABF
:1086D000491E8AB200F006F9002000F0F7F80020E9
:1086E00000F0F4F8100A00F0F1F8D0B2D9E700F089
:1086F000F9F8304600F0EAF86889401C80B200F0D2
:10870000F1F8D0B200F0E2F8A88900F0EBF83846B2
:1087100000F0DCF8A889401C80B200F0E3F8A8E77C
:10872000408F00202DE9F84F82461F460E468B46AB
:10873000580700D0012000EBD700790810FB01F0AA
:10874000203AC0B202F0FF090025009047E00C2F4C
:1087500010D0102F12D0182F14D0202F42D1224920
:1087600001EBC9104FF00008445D200610D51F48EA
:10877000026811E009EB49001D4906E01D4901EBC3
:108780000910EFE71C4909EBC90001EB8000E9E79C
:108790000A9828B91548426831465046FDF70EF848
:1087A0006006040E1548761CB6B24088B04219D94E
:1087B000A6EB0B00B84209D10AF101001FFA80FABA
:1087C0000E485E46018851450CD906E008F10100CB
:1087D00000F0FF08B8F1080FC7D36D1CEDB2009888
:1087E0008542B4D3BDE8F88F50E700088000002030
:1087F00090CF000804D40008F4D90008408F00206E
:108800002DE9FF4F81B00027DDF838B01D469246B4
:1088100080463C46B9464FEA5B0627E0281B401ECF
:10882000C1B20A20FFF7FAFDBAFBF0F00A21B0FB53
:10883000F1F201FB120027B9691E8C4201DA48B13E
:1088400001273030C2B206FB048080B25B46CDF80F
:10885000009006E006FB048080B25B462022CDF843
:1088600000900299FFF75EFF641CE4B2AC42D5D3DE
:1088700005B0BDE8F08F2DE9F84F044600F0FF0881
:1088800010190D46DDE90A761FFA80FA58191FFA09
:1088900080F94FF0000B11E0544502D3E81944462B
:1088A00085B24D450FD23B4629462046CDF800B053
:1088B000FFF738FF04EB570084B2761C3278A2F140
:1088C00020005E28E8D9BDE8F88F000001B5BDF8AA
:1088D0000000ADF80000BDF800000149088008BDA7
:1088E0000000086001B5BDF80000ADF80000BDF85B
:1088F00000000149088008BDFEFF076002480349E7
:108900000089088070470000408F0020FEFF07604C
:10891000024A1080901C018070470000FEFF076033
:1089200008B500900548018BC08A491E8BB2401ED5
:1089300082B20021084600F045F808BD2C900020C6
:1089400000B58DB008230992049000930691684603
:10895000FBF7C2F9002800D001200DB000BD0000D7
:1089600010B5084B1C465875A1888AB2218889B277
:1089700020B1012801D1D9821A8310BDDA8219836E
:1089800010BD00002C900020F0B50C4F94B23D4675
:10899000DFF82CC02B68EA692D7D7E7D5CF82550C0
:1089A00026B103FB01004243AC52F0BD7E68301A91
:1089B000401E03FB001050432C52F0BD2C900020B1
:1089C000880000202DE9F843274EDDF82090002490
:1089D000757D0DB1054606E077680D46B91A1A4651
:1089E0003B1A491E5B1E306896F814C0DFF87C8085
:1089F000521B871A58F82CC0F66900FB015006FB81
:108A000000C51B487F1EBFB2066846F4000606601C
:108A1000006800F4000000901648066826F0010681
:108A200006604FF440360660022646630764C5635D
:108A3000591AF30303EB0242491C11434164C0F885
:108A40003890016841F0010101605A0102E0641CA4
:108A5000944202D241688907F9D5816841F0020148
:108A60008160BDE8F88300002C9000208800002081
:108A70003038024000B002402DE9FF5F00F040F9BD
:108A800004460126784DA0F586404FF4F0714FF072
:108A9000280941F2180A423847D03204A4F5E043CD
:108AA0004FF448704FF4C67B843B50D003238C278F
:108AB000A4F5E04C4FF4B47EBCF1160C54D0A4F5F0
:108AC000E0484FF4A06CB8F118085DD0A4F58048D8
:108AD000B8F561785BD054450CD1C5E900C0AF81D1
:108AE0000A2028822881E88168826B8102217046F1
:108AF000FFF726FF5D482A685E4F02806968418063
:108B00000220E8615A48386057485B4BA8384FF05C
:108B10000008C0E90038C0F80880C0F80C8054454F
:108B200045D14FF08053036143E04FF48870C5E9AD
:108B300000102E816E810820A5F80C90E881052197
:108B400029828203688204214FF49070D0E7C5E93E
:108B500000012E816E812E20A8811720E881D2206D
:108B60002882162068821FE04FF4806028604FF44E
:108B700016706860142028816B81AF81E881A02085
:108B800028820C206882B1E7C5E900C0B2E7C5E9D8
:108B900000015820A881A5F81090302028812020BD
:108BA000E8810D2068826B8103215846A0E7C0F858
:108BB00010802C89631E43616B89A3F1010CC0F8FE
:108BC00018C0B5F80CC06444A4F1010CC0F81CC076
:108BD000B5F80EC06344A3F1010CC0F820C0A2F1A7
:108BE000010CA444C0F824C0A1F1010C9C44C0F8BD
:108BF00028C0B5F810C062442244521EC2626A8A7C
:108C000011441944491E016380F8368080F835808C
:108C100080F834801448A838FAF780FE072006212F
:108C2000CDE90208CDE90081FF2302220020396846
:108C300000F026F8A888002280B20090288811460B
:108C400083B2104600F04AF80020FFF789FE0B4877
:108C500085F81480C0F8946204B04FF0FF30BDE88E
:108C6000F05FFFF75DBE00002C900020408F0020D9
:108C7000000000C0880000200068014000804042E1
:108C80002DE9F0438DB0164614AA002492E8801313
:108C9000114D009402942A6801926D68CDE9046335
:108CA0004FEA0823CDE9067303954FEA09230DF136
:108CB000240E08938EE8260002468DF832400648BE
:108CC0008DF831408DF830C06946A838FAF7FDFDBF
:108CD0000DB0BDE8F08300002C90002070B51E465A
:108CE000044603460548049DFAF710FF23462A462A
:108CF0003146BDE870400148FAF732BF848F00204A
:108D000030B52A4887B00021026842F04002026074
:108D1000026802F040020592026842F4807202602A
:108D20000068234C00F4807005904020CDE90001DC
:108D3000012002900320039069462046FAF794FC34
:108D400084201C4D009069462846FAF78DFC40218E
:108D50002046FAF777FD044604212846FAF772FD0B
:108D600044EA400480212846FAF76CFD44EA80007A
:108D7000C0B2062817D2DFE800F003070A0D10136F
:108D800044F2423007B030BD47F28400FAE747F2C0
:108D90001600F7E747F21800F4E744F28430F1E7F1
:108DA00041F21800EEE70020ECE700003038024006
:108DB0000018024000200240F0B504688B88E56886
:108DC000C5F30B452B441D04882303EBC213E6585F
:108DD00006F47046E65004680F68E668C6F30B4672
:108DE000761C3E442E43E65003688C89DD68C5F34B
:108DF0000A052C4425048C2404EBC2141E5906F4E5
:108E000070461E5103688F68DE68C6F30A06761C3A
:108E10003E442E431E519423046803EBC213E558CD
:108E200025F00705E55005680C69EC5091F83130E4
:108E300005681F0291F832301C040B7E1E069C232D
:108E400003EBC21355F803C04FF0000C45F803C004
:108E500091F8305034433D4325430468E55098234E
:108E6000046803EBC213E55825F0FF05E5500568DB
:108E70004C69EC50A023046803EBC213E55840F2A0
:108E80000776B543E550D1E907452C430568EC501A
:108E9000AC23046803EBC213E55844F803C005682B
:108EA0004C6AEC500B698BB3012B32D0042B32D0BF
:108EB000022B30D0032B2ED0072B2CD00123B02433
:108EC000056804EBC2142E5906F0E0262E51D1E9B4
:108ED0000065AD1B0E8D5D435E43ED1C45EA064308
:108EE00005682B51B423046803EBC213E5586FF3F4
:108EF0000A05E5500468C96AE1500068842101EB65
:108F0000C211425842F001024250F0BDFFE7042373
:108F1000D5E70323D3E70223D1E7000070B5012092
:108F2000F8F793FD04460020F8F78FFD44EA00208F
:108F3000A0F164012A4CB1F5967F04D9B3EE0A0A78
:108F400084ED0E0A09E000EE100AF2EE040AB8EE13
:108F5000400A80EE201A84ED0E1A0220F8F775FD03
:108F60000125A071022800D9A5710320F8F76DFD35
:108F7000E0713C2801D91420E0710420F8F765FD68
:108F80002072022800D925720520F8F75EFD607274
:108F9000782801D91E2060720620F8F756FDA072CD
:108FA000022801D90220A0720720F8F74EFDE072D6
:108FB0000C2803D0182801D00C20E07294ED0E0A82
:108FC00084ED0F0AA0792070E0796070207AA0709B
:108FD000607AE070A07A2071E07A607170BD000064
:108FE0000000002030B5A9B00446002223A91F4884
:108FF000FBF7FAFA002228A91C48FBF7D3FA9DF8E0
:109000008E009DF88D10CDE902109DF88C209DF802
:10901000A2000090019204949DF8A1309DF8A32035
:1090200013A105A8F7F75CF9104D40F22B14603539
:10903000C4EB041005EBC000A0F17801F7F7D7FAF4
:10904000641E002CF4DC094805A96030F7F7CFFA5C
:109050001049C86CB0F5967F01DA401CC864002046
:10906000086501F013FF29B030BD0000E8000020C2
:109070005B253032642D253032642D25303264205A
:10908000253032643A253032643A253032645D202E
:10909000257300000000002010B51A4886B0002497
:1090A000016841F480710160006800F480700590EF
:1090B00014481438016841F00101016000686946F4
:1090C00000F001000590202000900320CDE901046C
:1090D0000D48FAF7C9FA0E480C4901604FF4803187
:1090E000C0E90114C4600461446101218461C0E9E4
:1090F00008140849C0E90A410463C461FAF71BFA7D
:1091000006B010BD4438024000000240002001407B
:109110004C9000200100000FFEE770470907090E80
:10912000002806DA00F00F0000F1E02080F8141D9E
:10913000704700F1E02080F80014704770B588B0E7
:10914000244800248DF81440016841F0800101603A
:10915000016801F080010691016841F480710160AD
:109160000068012500F48070069080208DE83100B1
:109170000320039069461848FAF776FA2802CDE9E9
:10918000000569461548FAF76FFAF8F763FD144EC3
:10919000C6F8A042642006F5287602F0EFFC3560A0
:1091A000642002F0EBFC012000F008F9012205A97F
:1091B0004FF4506000F01CF89DF8141009A0F7F768
:1091C00083F89DF81400802802D0012008B070BDFB
:1091D0000020FBE730380240001C02400020024023
:1091E000000044424354502049443A25780D0A0077
:1091F0002DE9F04115460F460446F8F7D1FDB2209F
:10920000F8F7AAFDF8F706FE200AF8F7A5FDF8F72B
:1092100001FEE0B2F8F7A0FDF8F7FCFDF8F7C0FD9D
:10922000B320F8F799FDF8F7F5FD00246E1E09E06C
:10923000B44201D0012000E00020F8F75FFD38556E
:10924000641CE4B2AC42F3D3BDE8F041F8F7C6BD0C
:109250002DE9F143504F00242DED048B4FF00A0807
:1092600082B038784D4E401CC0B2B0FBF8F208FB1B
:1092700012012546387009B10A2871D2012206A9C7
:109280000020FFF7B5FF9DF81800C1066CD000F074
:109290001F0040F0C000B0864FF001099FED408BE9
:1092A0009FED419BB18E09FA04F001424BD040483A
:1092B0000422694630F81400FFF79AFF96F844003C
:1092C0009DF80210C0079DF8030000EB012020D09C
:1092D00003F098FA53EC182B03F0E4FA03F04EFA7B
:1092E00006EB440528849DF801009DF8001000EB72
:1092F000012003F087FA53EC192B03F0D3FA9FED0A
:109300002D1B53EC112B03F001FC03F037FAA8815D
:1093100019E003F077FA53EC182B03F0C3FA03F0CB
:109320002DFA06EB4405A8819DF801009DF8001078
:1093300000EB012003F066FA53EC192B03F0B2FAAC
:1093400003F01CFA2884641CE4B2052CAAD301257E
:10935000B28900211AB9308C08B98DF8181039700B
:109360009DF81800C0060CD1B08E010602D520F081
:10937000800005E04FF6FF71B181318400F0E0001C
:10938000B0863878F02801D987F8008002B02846E6
:10939000BDEC048BBDE8F883E500002094000020BC
:1093A0007B14AE47E17AD43FD881734694F6D23F1E
:1093B00078180108000000000000894008B500216D
:1093C0008DF8001010B180208DF800000122694650
:1093D0004FF4506000F001F808BD2DE9F04115464A
:1093E0000E4604460027F8F7DBFCB220F8F7B4FC81
:1093F000F8F710FD200AF8F7AFFCF8F70BFDE0B224
:10940000F8F7AAFCF8F706FD002408E0305DF8F74D
:10941000A3FCF8F7FFFC070003D1641CE4B2AC42E4
:10942000F4D3F8F7DBFC3846BDE8F081704701095A
:1094300001EB810100F00F0000EB4100C0B270476A
:10944000002102E00A38C0B2491C0A28FAD20907F2
:1094500040EA1160704770B505460068C16849066A
:1094600013D44FF0FF31C160FAF7F6F904464FF418
:109470007A7606E0FAF7F0F9001BB04201D9032032
:1094800070BD2868C0684006F4D5002070BD00009B
:10949000F0B5A5B0302103A8F7F769F9302110A87D
:1094A000F7F765F96E480024016841F080510160CA
:1094B000006800F080502490FAF702FC0426012591
:1094C00003A803960595FAF7DFFE082730B1039746
:1094D00003A80895FAF7D8FE680201E04FF48070FF
:1094E0001A902020109010A8FAF7F6FB5D4805604E
:1094F0005E485D49C0E900147F218160FF21C0E919
:10950000031444618461FBF79BF814211CA8F7F74E
:109510002EF957A00F9407C88DE8070057A021AB7C
:1095200007C883E8070021A8F7F742F88DF8700014
:1095300021ACE01CF7F73CF88DF87100A01DF7F79F
:1095400037F88DF872006C46E01DF7F731F8A0F59A
:10955000FA608DF83F009DF80400202851D0201DAE
:10956000F7F726F88DF83E00032247A16846F7F783
:1095700081F8002847D0032244A16846F7F77AF81B
:10958000002845D0032242A16846F7F773F8002867
:1095900040D003223FA16846F7F76CF800283BD083
:1095A00003223DA16846F7F765F878B303223BA193
:1095B0006846F7F75FF850B3032239A16846F7F71A
:1095C00059F870B3032237A16846F7F753F848B348
:1095D000032235A16846F7F74DF858B3032233A1AB
:1095E0006846F7F747F838B3032231A16846F7F722
:1095F00041F818B303222FA16846F7F73BF8F8B1FA
:1096000021E0601DACE78DF83D501CE007E00AE06A
:10961000022016E0032014E08DF83D6013E00520E1
:109620000FE002E003E006200BE0072009E08DF8E0
:109630003D7008E0092004E00A2002E00B2000E071
:109640000C208DF83D0000221CA90848FBF7B0F85B
:1096500000220FA90548FBF743F825B0F0BD000034
:10966000403802403C0E474200280040E8000020FD
:1096700041707220323720323032360031353A3084
:10968000393A3333000000004A616E0046656200DB
:109690004D617200417072004D6179004A756E0033
:1096A0004A756C0041756700536570004F63740024
:1096B0004E6F76004465630000B5164887B01449C4
:1096C0000022C0E900120121816008211023C0E9B5
:1096D0000313402343614FF4C073C0E906320A020A
:1096E00002624A0242628A0282620220CDE90001DD
:1096F00006210291CDE903100590069069460548C0
:10970000FBF7E8F8034800F007F807B000BD0000D9
:10971000400100A0508F002010B500230122114607
:10972000184600F021F84FF4FA7002F035FA0023E1
:1097300001220221184600F017F800230822032115
:10974000184600F011F84FF40C7301220421002098
:1097500000F00AF8BDE8104040F2AB210148FBF7E9
:1097600049B90000508F00201FB5002410B1012816
:1097700002D002E0102400E00824CDE90014CDE975
:1097800002234FF4805269460348FBF744F900284E
:1097900000D0012004B010BD508F002010B5124C35
:1097A0001048022120604FF4827060600020A060A9
:1097B000C4E90301012161614902A1613821C4E9C1
:1097C00007106062A0620720E0622046FBF73AF9CA
:1097D0002068016841F040010160BDE81040FF20B1
:1097E00000F004B8005001409090002001B582B014
:1097F0004FF47A700090012301AA02A90248FBF7F6
:109800008DF99DF804000EBD909000200B4A10B514
:1098100011680B6823F040030B6011680B684FF66A
:10982000C77423400B6011680B6803430B6010681A
:10983000016841F04001016010BD000090900020DF
:109840002DE9F0471D4690460F460446FAF704F806
:1098500006465FEA08004FF000084FF4005A4FF048
:10986000010926D034E0681C23D025B1F9F7F4FFB4
:10987000801BA8421DD92068416821F0E0014160A9
:109880002068016821F040010160A06A504509D1BB
:109890002068016821F4005101602068016841F4EA
:1098A0000051016084F8519084F850800320BDE895
:1098B000F0872068806837EA0000D4D10DE0681C8A
:1098C00006D0002DD7D0F9F7C7FF801BA842D2D809
:1098D0002068806837EA0000F1D00020E7E7704791
:1098E00070B5374D95ED0E0AD5ED0F0AB4EE600A4E
:1098F000F1EE10FA1AD0F2EE040A20EE200ABCEEC5
:10990000C00A10EE100A84B2210A0020F8F7CEF83F
:10991000052002F033F9E1B20120F8F7C7F805207D
:1099200002F02CF995ED0E0A85ED0F0AA979287839
:10993000814207D00220F8F7B9F8052002F01EF99D
:10994000A8792870E9796878814207D00320F8F770
:10995000ADF8052002F012F9E8796870297AA87844
:10996000814207D00420F8F7A1F8052002F006F99B
:10997000287AA870697AE878814207D00520F8F73C
:1099800095F8052002F0FAF8687AE870A97A287943
:10999000814207D00620F8F789F8052002F0EEF89A
:1099A000A87A2871E97A6879814207D00720F8F708
:1099B0007DF8052002F0E2F8E87A687170BD0000D9
:1099C000000000202DE9F74FDEB007469346FC214A
:1099D0006846F6F7CCFE0024F9F73EFFDFF8BCA09E
:1099E0000646DAF800000AF10408D8F80000E94653
:1099F000FFB1002518E0785D4346C8F800004A46EC
:109A000051460DE0086880060AD51868C0B2A0F17A
:109A1000200CBCF15E0F03D8642C01DA1055641CD5
:109A200008680006EED56D1C3846F6F704FEA8421D
:109A3000E1D855464746F9F70FFF811B59451CD21F
:109A40002868800613D53868C0B2A0F120015E29CD
:109A500004D8F02C02DA09F80400641C68465F9907
:109A6000F6F7B3FD18B1012061B0BDE8F08F2868AA
:109A70000007E0D528683868DDE7002C09DD002103
:109A800009F804106A4606A13FA8F6F729FC3FA88A
:109A900000E006A0FFF7A6FA0020E5E70048004036
:109AA000BBD8BBB03A20257300000000BBD8BBB0C8
:109AB0003A205BCBC0BCC5CEDEC9F95D000000001A
:109AC0002DE9F04F1F468246A1B013460C46894649
:109AD000780701D0012100E0002101EBD70010FB45
:109AE00007F0C1B220910C2F05D0102F03D0182FF2
:109AF00001D0202F31D13A4669461846F9F722FCA9
:109B0000002026E01DF80860DFF854B0002530067C
:109B100002D5DBF8002003E02A9828B91148026832
:109B200021465046FBF74AFE7006641C060EA4B29E
:109B3000A4EB0900B84205D10AF101004C461FFA16
:109B400080FA03E06D1CEDB2082DE0D308F10100AE
:109B5000C0B2209980468842D4D321B0BDE8F08FAE
:109B600080000020840000202DE9FF4F81B00446D2
:109B7000DDE90E7580469B460E468A4600208146EA
:109B80001DE0B9F1000F20D003994FF0000908EB58
:109B90000100401BA04202DA701986B244460AEB6B
:109BA0000B00401BB0420DDB109800902B463A464C
:109BB00031462046FFF784FF601984B2BF1C3A7813
:109BC000002ADED105B0BDE8F08F802A01D901203E
:109BD000D5E7039908EB0100A0EB5500A04202DA9B
:109BE000701986B244460AEB0B00401BB042E9DB19
:109BF0000D2A0BD0109800902B4631462046FEF7D8
:109C000091FD04EB550084B27F1CD8E7701986B231
:109C100044467F1CF5E7000070B51E4C92B000254D
:109C2000266846F080562660246804F0805411941B
:109C3000194C266846F44046266024680DF1240C31
:109C400004F44044119401240094019402240694E5
:109C50008CE80D006605CDE907616846FAF714FB4C
:109C600000B1FEE7F9F7E8FF00B1FEE70CA90F200D
:109C700081E831004FF4A0500F904FF480501090C5
:109C800005210CA8FAF77CF9002800D0FEE712B0F5
:109C900070BD00004038024000700040F9F7E2BD9E
:109CA0001048016841F4700101600F48016841F0FB
:109CB000010101600C4A00210832116002680B4B5F
:109CC0001A400260031D0A4A1A60026822F48022C8
:109CD000026005480C30016002495806803908606E
:109CE0007047000088ED00E000380240FFFFF6FEFC
:109CF000103000242DE9FF4F83B00E46DDE910A996
:109D00004E4907464FF47840DDF8508008604CA07B
:109D10001024CDE900404B4D9346A0216B882A8842
:109D20002820FEF7A8FD48A0CDE900406B882A88CE
:109D3000A0217820FEF79FFD44A0CDE900406B886C
:109D40002A88B4212820FEF796FD41A0CDE90040E5
:109D50006B882A88B4217820FEF78DFD3DA0CDE9DF
:109D600000406B882A88C8212820FEF784FD3AA08D
:109D7000CDE900406B882A88C8217820FEF77BFD5A
:109D800036A0CDE900406B882A88DC212820FEF728
:109D900072FD33A0CDE900406B882A88DC21782051
:109DA000FEF769FD2FA0CDE900406B882A88F021DD
:109DB0002820FEF760FD04233A46A02140200094AD
:109DC000FEF71EFD04233246A02190200094FEF7EA
:109DD00017FD04235A46B42140200094FEF710FDDD
:109DE00004230094B4219020069AFEF709FD042371
:109DF0005246C82140200094FEF702FD04234A4643
:109E0000C82190200094FEF7FBFC04230094DC2181
:109E10004020129AFEF7F4FC04230094DC219020E9
:109E2000139AFEF7EDFC03234246F02160200094D4
:109E3000FEF7E6FC07B0BDE8F08F000080000020D0
:109E400078313A00408F002079313A0078323A0078
:109E500079323A0078333A0079333A0078343A006C
:109E600079343A006661632069733A002DE9F04F56
:109E7000FE4E1F202DED0C8B89B04FF6FF7800248D
:109E80002546FB4930604046C1F80080FBF714FBD3
:109E90004FF4784740463760FBF70EFBF548A04685
:109EA000C6F8008001684FF0100ACDE900A1282112
:109EB0006423A0220846FEF7DEFC14213A46084639
:109EC00000F0B0FAEC48A0F834809FEDEC0A80ED89
:109ED0000E0A9FEDEBCB9FEDECDB9FEDEDBBEE4E65
:109EE00080464FF0900BA0F10409D8F804104746C3
:109EF00001208847B88EC0F38111012945D120F097
:109F00004000B88605A8BA8920F8242000EB840018
:109F1000641C0025398CE4B2B8464180012C06D07F
:109F2000022C11D0032C1ED0042C2ED13CE0142185
:109F30004FF6FF72084600F075FA30884FF4784209
:109F4000143880B214211EE030884FF6FF721438A6
:109F500080B2142100F066FA70884FF47842143809
:109F600081B214200FE070884FF6FF72143881B26E
:109F7000142000F057FA70884FF47842143881B2F8
:109F80003088143880B200F04DFA0A2001F0F6FD56
:109F90006D1CADB2B5F57A7FA7D900F07BFA09B098
:109FA000BDEC0C8BBDE8F08FBDF81400BDF81810A7
:109FB000411A00D54942BDF81620BDF81A00101A02
:109FC00000D5404249434043084402F01BFC41ECA9
:109FD000100B01F084FD51EC100B02F0CFFB84B2AA
:109FE000BDF81C00BDF82010411A00D54942BDF84B
:109FF0001E00BDF82220801A00D54042494340434C
:10A00000084402F0FFFB41EC100B01F068FD51EC3D
:10A01000100B02F0B3FB00EE104A87B2F8EE400AD4
:10A0200000EE107AB8EE401A80EE810A10EE100AA7
:10A0300002F02EFFB0EE4C9AF0EE6C9A41EC180B49
:10A0400053EC192B02F0F2FB7ED3B0EE4DAAF0EEEA
:10A050006DAA53EC1A2B51EC180B02F021FDF3D32F
:10A06000002C71D0002F6FD0BDF81410BDF81C006B
:10A07000091A00D54942BDF81600BDF81E20801A05
:10A0800000D5404249434043084402F0BBFB41EC49
:10A09000100B01F024FD51EC100B02F06FFB84B2A9
:10A0A000BDF81800BDF82010411A00D54942BDF88E
:10A0B0001A00BDF82220801A00D54042494340438F
:10A0C000084402F09FFB41EC100B01F008FD51EC3D
:10A0D000100B02F053FB00EE104A80B2F8EE400A7B
:10A0E00000EE100AB8EE401A80EE810A10EE100A57
:10A0F00002F0CEFE41EC180B53EC192B02F096FB4C
:10A100005CD353EC1A2B51EC180B02F0C9FC55D35D
:10A11000BDF81800BDF81C10411A00D54942BDF821
:10A120001A00BDF81E20801A00D540424943404322
:10A13000084402F067FB41EC100B01F0D0FC51EC3D
:10A14000100B02F01BFB00E05DE084B2BDF81400D0
:10A15000BDF82010411A00D54942BDF81600BDF8DF
:10A160002220801A00D5404249434043084402F06F
:10A1700049FB41EC100B01F0B2FC51EC100B02F06A
:10A18000FDFA00EE104A80B2F8EE400A00EE100A26
:10A19000B8EE401A80EE810A10EE100A02F078FE46
:10A1A00041EC180B53EC192B02F040FB06D353EC97
:10A1B0001A2B51EC180B02F073FC6FD2708800243C
:10A1C000143881B230884FF6FF72143880B200F034
:10A1D00029F914214FF47842084600F023F953EC92
:10A1E0001B2B51EC180B02F05DFB02F0C7FA80B29A
:10A1F000BDF82220BDF82030BDF81E10CDE90320A7
:10A20000CDE9011323E070880024143881B230882E
:10A210004FF6FF72143880B200F004F914214FF4A5
:10A220007842084600F0FEF853EC1B2B51EC180B5B
:10A2300002F038FB02F0A2FA80B2BDF82210BDF89D
:10A240002030BDF81E20CDE90310CDE90123BDF873
:10A250001C000090BDF81A30BDF81820BDF816108B
:10A26000BDF81400FFF746FD3FE617E08000002030
:10A2700084000020D0160108940000200000000097
:10A28000666666666666EE3FCDCCCCCCCCCCF03F45
:10A290000000000000005940408F0020BDF8182049
:10A2A000BDF81410F6EE001A501A00EE100A3088AD
:10A2B0001144B8EEC01AA0F1280300EE103A474648
:10A2C000B8EEC00AC0EE010A00EE101AB8EE401A4D
:10A2D00000EE100AB8EE400AC8ED0E0A00EEC10A00
:10A2E000FDEEE00A20EE210ABDEEC00A10EE101AC3
:10A2F000A8F84010BDF81E30BDF81620991A00EEDF
:10A30000101A71881A44B8EEC01AA1F1280400EEA0
:10A31000104AB8EEC02A82EE010A01EE102AB8EE09
:10A32000412A01EE101AB8EE411A87ED0F0A00EE2D
:10A33000421A21EE211ABDEEC11A11EE102AA7F819
:10A34000422010EE902A002A00DA5242022A08DC4B
:10A35000BDEEC00A10EE102A002A00DA5242022A8C
:10A360002CDD14391438002489B280B24FF6FF7204
:10A3700000F058F814214FF47842084600F052F8E3
:10A380001CA1CDE900A1738832881A212820FEF78C
:10A3900072FA97F8440048B1002087F8440038B1B9
:10A3A00089F800B0D02189F801109EE50120F4E77A
:10A3B000D02189F8001089F801B096E512481F21D4
:10A3C0004FF6FF7401602046FBF776F80FA1CDE948
:10A3D00000A1738832886E212320FEF74CFA4FF4D7
:10A3E0007A7001F0CBFB00F001FA2046FBF764F82D
:10A3F000D5E500005450204E6565642072656164A7
:10A400006A7573742100000080000020546F75632A
:10A41000682053637265656E2041646A75737420A9
:10A420004F4B21002DE9F041044619480D460B46DB
:10A43000026004F10D0082B2193880B2FBF7E4F833
:10A4400005F10D0083B2193881B222461046FBF7A0
:10A45000DBF86E1C04F10108B1B21FFA88F0FBF7BB
:10A460001FF9B1B2661EB0B2FBF71AF96F1EB9B28E
:10A470001FFA88F0FBF714F9B9B2B0B2FBF710F984
:10A4800029462046BDE8F0410622FBF73EB9000010
:10A490008000002010B53620F7F7D7FA0A2801D03F
:10A4A000002010BD0E2209492820F7F7BDFA074801
:10A4B0009022383890F84430001FD02113B1027038
:10A4C000417001E001704270012010BDCC000020FD
:10A4D00070B5584D584E594CA88886B0A0F5EE413D
:10A4E000963903D1F8F7D2FA00287AD0A888A0F5D7
:10A4F000AA41103963D0A0F5864142395FD0A0F55A
:10A50000864184395BD0A0F51841063957D0A0F5B3
:10A51000C85163396DD0A0F5E041843969D0A0F508
:10A52000E041163965D0A0F58051183968D044480B
:10A530000024016841F080010160016801F08001A0
:10A540000591016841F480710160016801F4807136
:10A550000591016841F0400101600068394D00F04B
:10A5600040000590402000900120019002900320BF
:10A57000039069462846F9F777F84FF48471009103
:10A5800069463148F9F770F88020CDE90004694642
:10A590002846F9F769F80820009069462B48F9F732
:10A5A00063F826492031A1F1140000F0CDF8F7F747
:10A5B00039FAFFF76FFF80B3002006B070BDF8F7DF
:10A5C00065FAA0B1FEF7BAFD2148606014F8440FA7
:10A5D000A97940F0800001F0010108432070EBE709
:10A5E000FFE7666094F8440040F0800005E0666094
:10A5F000ECE7F8F72FF8174805E084F84400DBE7AC
:10A60000F8F776FC1448606094F84400A97940F0AB
:10A61000800001F001010843EFE7FFE74FF6FF700C
:10A62000FAF74AFFFFF722FC00F0E0F8FFF732FFED
:10A630000120C2E7408F0020592C00089400002020
:10A6400030380240001C0240002002400018024046
:10A6500051920008052800088D3000082DE9F05FB0
:10A6600000251E4F2C462E46C7F89852DFF8708002
:10A67000C8F88C52C8F8A05207F5267700F022F9E6
:10A68000062001F089FA3E60012001F085FA4FF0C2
:10A690000109C7F80090484601F07EFA3E60B246D4
:10A6A0004E46DFF840B04FF6FF79A7F5267709EA66
:10A6B0004404C7F898A2012001F06EFAC7F8986226
:10A6C000DBF80C0208B1641CA4B26D1CEDB2102DB5
:10A6D000EDD32009C8F8A062BDE8F09F0080434296
:10A6E0000000444200004342FEB5064600246D4689
:10A6F0003046FFF7B3FF25F81400641CA4B2052C04
:10A70000F6D300214C1CA0B20BE035F8113035F81F
:10A710001020934203D925F8112025F81030401C51
:10A7200080B20528F1D3A1B20429EBD30021012086
:10A7300035F81020401C114480B289B20428F7D3A8
:10A740000320B1FBF0F0FEBD2DE9F041074F0646B6
:10A750000D463878FFF7C8FF04467878FFF7C4FF46
:10A76000348028800120BDE8F081000090000020A6
:10A7700070B586B00C460546694604A8FFF7E4FFAD
:10A7800000282FD001A903A8FFF7DEFF002829D059
:10A79000BDF80C30BDF81020934203D803F132000D
:10A7A000824205D39A421FD802F1320083421BD263
:10A7B000BDF80410BDF80000814203D801F1320653
:10A7C000B04204D388420FD8323081420CD2D01824
:10A7D00040082880BDF80000BDF804100844400877
:10A7E0002080012006B070BD0020FBE710B50E22CE
:10A7F00004492820F7F74AF90A21BDE8104036201D
:10A80000F7F754B9CC0000202C4910B5D1F81C1230
:10A810002B4C31B1A08E010643D520F08000A086DC
:10A8200046E00200264800F1200100F10C0002D0B1
:10A83000FFF79EFF2AE0FFF79BFF38B3B4F9400013
:10A8400094ED0E1A00EE100AA08900EE900AB8EE00
:10A85000C00AF8EE600A01EE200ABCEEC00A10EE53
:10A86000100AA081B4F9420094ED0F1A00EE100A0C
:10A87000208C00EE900AB8EEC00AF8EE600A01EEF5
:10A88000200ABCEEC00A10EE100A208494F83400AE
:10A8900000060DD4C020A086A089A082208C20852F
:10A8A00006E00020A08220854FF6FF70A081208462
:10A8B00094F8340000F0800010BD00000080434296
:10A8C000940000202DE9F04700240E4E0E4F05465F
:10A8D000A0464FF00109280601D5484600E0404651
:10A8E000C6F88C026806050EC7F89882012001F0B0
:10A8F00053F9C7F89892641CE4B2082CEBD3BDE876
:10A90000F0870000000044420080434210B590F8F8
:10A910003910222903D0322901D0022010BD8168CC
:10A92000B1F5805F11D00169002901681FD0496825
:10A9300001F07F03816A4A1C82620B70C18D491E3F
:10A940000904090CC18518D02FE00269816A002A28
:10A950000268526805D0D2B20A80816A491C8162BD
:10A96000ECE7C2F308020A80816A891CF7E74A68AB
:10A97000816A4B1C83620A70E0E70168CA6822F0B2
:10A980002002CA6090F83910322910D00168CA68D4
:10A9900022F48072CA6001684A6922F001024A61A9
:10A9A000012180F83910FAF7EEFB002010BD1221CA
:10A9B000F7E700002DE9F041044600680169E2680C
:10A9C00021F440510A4302612068C16849F20C62D7
:10A9D00091432369A268E5691A4363692B431A43CB
:10A9E0000A43C2602068416921F44072A1691143A1
:10A9F0004161E06964263225B0F5004F484A494973
:10AA000020681DD0884201D0904269D1F9F7ECFB53
:10AA100000EBC00101EB00106168B0468900B0FB9B
:10AA2000F1F1B1FBF8F6F9F7DFFB00EBC00101EB48
:10AA3000001061688900B0FBF1F7F9F7D5FB68E019
:10AA4000884201D0904219D1F9F7CEFB00EBC0014A
:10AA500001EB00106168B0464900B0FBF1F1B1FBB9
:10AA6000F8F6F9F7C1FB00EBC00101EB00106168DB
:10AA70004900B0FBF1F7F9F7B7FB18E0F9F79EFBD7
:10AA800000EBC00101EB00106168B0464900B0FB6B
:10AA9000F1F1B1FBF8F6F9F791FB00EBC00101EB26
:10AAA000001061684900B0FBF1F7F9F787FB00EB94
:10AAB000C00101EB001061684900B0FBF1F1B1FB8E
:10AAC000F8F06FF01801484307EB800005EB001128
:10AAD000B1FBF8F0216866F31F108860BDE8F081D3
:10AAE000F9F76CFB00EBC00101EB00106168B046A8
:10AAF0008900B0FBF1F1B1FBF8F6F9F75FFB00EB71
:10AB0000C00101EB001061688900B0FBF1F7F9F7B3
:10AB100055FB00EBC00101EB001061688900CCE738
:10AB2000001401400010014090F83910122903D0A0
:10AB3000322901D0022070478168B1F5805F016A37
:10AB40000BD04A1C0262026809785160C18C491E10
:10AB50000904090CC1840ED017E009880268C1F30A
:10AB60000801516001690029016A02D0491C016293
:10AB7000ECE7891CFBE70168CA6822F08002CA6022
:10AB80000068C16841F04001C160002070472DE9B4
:10AB9000F0471D4690460F460446F8F75DFE064610
:10ABA0005FEA08004FF000094FF0010808D030E0DC
:10ABB000681C05D095B1F8F74FFE801BA8420DD850
:10ABC0002068006837EA0000F2D127E0681C20D036
:10ABD00025B1F8F741FE801BA8421AD92068C16848
:10ABE00021F08001C1602068C16821F02001C160AE
:10ABF0002068C16821F48071C1602068416921F03A
:10AC00000101416184F8398084F838900320BDE85F
:10AC1000F0872068006837EA0000D7D00020F6E708
:10AC200038B5184800680068C043800622D44FF445
:10AC30007A73012269461348FAF740FA124A1088DB
:10AC4000010417D441049DF800104FF0000304D50F
:10AC50000A290ED140F4004012E00D290ED0C0F3B5
:10AC60000D04084D401CC83D80B229551080C728EE
:10AC700000D913800348FAF72EF938BD40F480401C
:10AC80001080F7E7B08E00207800002070B5304EBD
:10AC90008CB00022F08C718C102300EB51006C38CA
:10ACA0002C4984B242F2241008602B494AF6BE6057
:10ACB0000860102129A08DE80700708EC82219387D
:10ACC00081B22046FEF750FFB07A27A147F6EF3554
:10ACD00070B12846CDE9000124233E22718E204622
:10ACE000F7F7F0F9307B002805D04FF4FC6003E063
:10ACF0004FF47840EEE7284601D01CA100E01CA1EB
:10AD0000CDE9000104F14D0080B24FF024034FF073
:10AD10003E02718EF7F7D6F9B17A17A0022901D158
:10AD200040F21F55CDE900509A34A0B224233E22B0
:10AD3000718EF7F7C7F9F27A11A103A8F5F7D0FAE7
:10AD400003AAB17A708EF7F7F5F90CB070BD000068
:10AD5000000000208400002080000020D7D4B6AF7F
:10AD6000CEB9CAB3BBFA0000CDA300002E2E2E0030
:10AD7000CEB9CAB300000000D7D4B6AF00000000BF
:10AD8000BCE4B8F43A20256420D0A1CAB100000088
:10AD900070B52E4E8CB00022F08C718C102300EB1D
:10ADA00051006C382A4984B242F2241008602949C3
:10ADB0004AF6BE600860102127A08DE80700F08DDC
:10ADC000C822193881B22046FEF7CEFEB07926A1FE
:10ADD00047F6EF35E0B12846CDE9000124233E22B5
:10ADE000F18D2046F7F76EF9B07920A1012812D035
:10ADF0002846CDE9000104F14D0080B224233E2213
:10AE0000F18DF7F75FF9B17919A0022906D007E0B3
:10AE10004FF47840E0E74FF4FC60EAE740F21F555A
:10AE2000CDE900509A34A0B224233E22F18DF7F7E9
:10AE300049F9F27910A103A8F5F752FA03AAB179FA
:10AE4000F08DF7F777F90CB070BD0000000000201E
:10AE50008400002080000020D1ADBBB7B9FDC2CB7B
:10AE6000CFB5CDB300000000CDA30000BFAA000005
:10AE7000D7D4B6AF00000000BFAAC6F43A202564BC
:10AE800020B7D6D6D32FD0A1CAB100002DE9FE4FEE
:10AE90004A4914224FF01E0A088D2D3084B2488D85
:10AEA00028381FFA80F9886D323890FBF2F08864F8
:10AEB000012801DA01208864886C4FF6FF7500EBE9
:10AEC0008000884605EA80034A462146504600F045
:10AED000E3FD00263A4F23E0116DD8F84C20881985
:10AEE00090421CDA374B42F2241231431A6062D08E
:10AEF0004AF6BE613960344BC0EB0010102203EB00
:10AF0000C000CDE90002002106EB8600029104EBAF
:10AF1000800081B213464A465046FEF725FE761C55
:10AF2000D8F8480042468642D6DB508B16460F388A
:10AF30001FFA80F8906C08F1030700EB800005EA27
:10AF4000800541F282000090601983B2BAB22146B6
:10AF50004046FAF7A5FCD6E91221914229DD91FB82
:10AF6000F2F0401C95FBF0F080B20A2800D20A20D3
:10AF7000891A00EE101A291A40F21D52F8EEC00A82
:10AF800096ED140A0092BAB2B8EEC01A81EE200A09
:10AF900000EE901AF8EEE00A20EE800ABCEEC00A3D
:10AFA00010EE101A214489B2084483B24046FAF7E1
:10AFB00077FCBDE8FE8F3D609DE7000000000020AB
:10AFC0008000002084000020480100202DE9F14F7E
:10AFD0002DED020B5524DFF8B08223232DED028BDB
:10AFE00092B0B8F82000B8F824101E38143180B29E
:10AFF0008EB202461090B0EE608AF0EE408A214692
:10B00000304600F049FD18EE900A01F041FF41EC96
:10B01000110B9EA153EC112B03A8F5F761F99D4983
:10B0200042F224109C4F08604FF6FF7038602020D9
:10B0300003A9CDE900010346642221463046FDF70D
:10B040001AFC4FF0100B95A2CDE9002B4FF0000930
:10B0500006F15000612180B25B46CDF808903222A3
:10B06000FEF782FD8C214FF4967311913046109AB1
:10B0700000F012FD16984FF478454FF4FC644B280D
:10B0800001DD204600E02846386018EE100A01F085
:10B09000FFFECDE9000182A103A8169AF5F720F979
:10B0A00003AACDE9002BCDF80890DDE9102110238B
:10B0B0003046FEF759FD98F80E00A827002806D064
:10B0C0002946754A1160009003D17AA202E0214618
:10B0D000F7E77AA298F812307AA103A8F5F700F9F9
:10B0E000DA460DF10C0B0020CDF800B0CDE901A03F
:10B0F000102339463046109AFEF736FD98F81300B3
:10B10000C427002807D02846DFF88C91C9F8000032
:10B1100003D172A202E02046F6E773A275A103A84C
:10B12000F5F7DEF84FF00008CDF800B0CDE901A842
:10B13000102339463046109AFEF716FD5248E02794
:10B14000017D002900D12546C9F8005001D16CA22B
:10B1500000E06EA270A103A8F5F7C2F80020CDF8B8
:10B1600000B0CDE901A0102339463046109AFEF711
:10B17000FBFC4948DFF8108147F6EF35056098F889
:10B180000F00FC2708B167A200E068A269A103A82C
:10B19000F5F7A6F84FF00009CDF800B0CDE901A908
:10B1A000102339463046109AFEF7DEFC36484FF43D
:10B1B0008C77007C08B162A200E05CA262A103A8C7
:10B1C000F5F78EF80020CDF800B0CDE901A0D1460A
:10B1D000D846102339463046109AFEF7C5FCDFF8F2
:10B1E000A8A04FF49A779AF8110008B154A200E091
:10B1F0004EA258A103A8F5F773F84FF0000B8DE8A5
:10B20000000B102339463046109AFEF7ADFC9AF831
:10B2100015004FF4A877002802D040F21F5000E03C
:10B220002846DFF874A0CAF8000001D04CA200E064
:10B230004EA250A103A8F5F753F88DE8000B102398
:10B2400039463046109AFEF78FFC0F484FF4B67718
:10B25000007B002800D12C46CAF8004001D048A24B
:10B2600000E042A248A103A8F5F73AF88DE8000BE8
:10B27000102339463046109AFEF776FC12B0BDEC2A
:10B28000028BBDE8FE8F000000000020252E3166F5
:10B29000000000008400002080000020A1E60000E3
:10B2A000CBAED6CA3A20256425252028252E326625
:10B2B00056290000D5FDB3A300000000BEAFB8E6DC
:10B2C00000000000CBAECEBB3A2025732028483AC0
:10B2D0002564204C3A25642900000000CBAEC1BF94
:10B2E000B3E4D7E300000000D1CFD6D8C8B1CBAECD
:10B2F00000000000CBAECFE43A2025730000000030
:10B30000D3E0C1BFB3E4D7E300000000D3E0C1BF86
:10B31000B2BBD7E300000000D3E3C1B83A202573E5
:10B3200000000000BFAAC6F400000000CDA3D6B9FB
:10B3300000000000BCD3C8C83A20257300000000FC
:10B34000D4CBD0D000000000B9FDC2CB3A20257389
:10B3500000000000D4F6D1F53A202573000000006B
:10B36000D5FDD4DABCD3CBAE00000000B4FDBBFAEF
:10B3700000000000B2B9CBAE3A20257300000000F7
:10B38000CDB6B7C5D6D00000CDB6CAB33A20257326
:10B390000000000070B52E4E8CB00022F08C718C35
:10B3A000102300EB51006C382A4984B242F2241079
:10B3B000086029494AF6BE600860102127A08DE880
:10B3C0000700308EC822193881B22046FEF7CCFB28
:10B3D000307A25A147F6EF35E0B12846CDE90001E6
:10B3E00024233E22318E2046F6F76CFE307A1FA1D0
:10B3F000012812D02846CDE9000104F14D0080B2A9
:10B4000024233E22318EF6F75DFE317A18A0022900
:10B4100006D007E04FF47840E0E74FF4FC60EAE73D
:10B4200040F21F55CDE900509A34A0B224233E22A9
:10B43000318EF6F747FE727A0FA103A8F4F750FF9A
:10B4400003AA317A308EF6F775FE0CB070BD00009D
:10B45000000000208400002080000020D4F6D1F5F8
:10B46000B1C3BFD8D6C60000CDA30000BFAA00005C
:10B47000D7D4B6AF00000000D6DCC6DA3A20256487
:10B4800020C3EB2FB4CE00002DE9F0432B4D89B043
:10B490001923E88C698C8C2200EB5104A88D3C3870
:10B4A00081B2A4F1460080B200F0F6FADFF8908095
:10B4B000DFF8909042F224164AF6BE61C8F80060A8
:10B4C000C9F80010102020A1CDE900100027029734
:10B4D000A88D1023373881B2A4F1300080B29622B3
:10B4E000FEF742FBA86B01F0D3FC41EC100B1AA154
:10B4F00053EC102B03A8F4F7F3FEA88D1E230A3893
:10B5000081B2A4F11E0080B23C2200F0C5FA40F2E4
:10B510001D51C8F80060C9F80010182003A9CDE932
:10B5200000100297A88D183C083881B2A0B21823E9
:10B530006422FEF719FB09B0BDE8F083000000208B
:10B540008400002080000020C4BFB1EACEC2B6C88B
:10B55000C9E8B6A800000000252E316600000000F2
:10B56000FEE7000070B51A4886B00025016841F07A
:10B57000200101600068012400F0200005904020B7
:10B58000CDE900040220CDE9024069461148F8F7F0
:10B590006BF8114EC6F89842FEF700F90020FEF74E
:10B5A00035F900F051F80D490880A0F56F411839C0
:10B5B0000BD1032000F06AF8C00706D1C6F89852F4
:10B5C000B720FEF713F9C6F8984206B070BD000028
:10B5D000303802400014024000804242E600002061
:10B5E0002DE9F041164F0646002015460C46C7F8D7
:10B5F00098020320FEF7FAF812480088A0F56F4180
:10B60000183902D1200EFEF7F1F8C4F30740FEF717
:10B61000EDF8C4F30720FEF7E9F8E0B2FEF7E6F82C
:10B62000002405E0FF20FEF7E1F83055641CA4B2C9
:10B63000AC42F7D30120C7F89802BDE8F0810000C2
:10B6400000804242E600002070B50F4D0024C5F88E
:10B650009842902005F52675FEF7C8F80020FEF701
:10B66000C5F80020FEF7C2F80020FEF7BFF8FF2063
:10B67000FEF7BCF844EA0024FF20FEF7B7F82043A9
:10B680000121296070BD00000080424210B50128F0
:10B6900003D0022803D0032803D0052002E0352080
:10B6A00000E01520064C0021C4F8981204F5267419
:10B6B000FEF79CF8FF20FEF799F80121216010BDEC
:10B6C0000080424210B59AB038A0FDF78BFC40F6DE
:10B6D000C41000F053FA3EA0FDF784FC4FF47A74D6
:10B6E000224642A142A0FEF76DF9002855D042A0A3
:10B6F000FDF778FC22463DA146A0FEF763F92246FD
:10B700003AA146A0FEF75EF9224638A147A0FEF70F
:10B7100059F94AA0FDF766FC44F6206233A150A017
:10B72000FEF750F900283AD055A0FDF75BFC40F633
:10B73000B83000F023FA5AA0FDF754FC42F2107220
:10B740005FA161A0FEF73EF900282AD068A0FDF7AE
:10B7500049FC6CA0FDF746FC224624A170A0FEF730
:10B7600031F9224672A173A0FEF72CF975A0FDF7FE
:10B7700039FC7CA37EA287A16846F4F7B1FD684638
:10B78000F4F759FF82B2631069468848F9F7FCFC68
:10B79000204600F0F3F986A004E08EA002E093A01A
:10B7A00000E097A0FDF71EFC1AB010BDCFB5CDB3D9
:10B7B0003A20D7BCB1B8C1ACBDD3B0CDB7A8D4C6C0
:10B7C0002054435020B4B4BFCDD4C62E2E2E00003A
:10B7D000CFB5CDB33A20312E20B2E2CAD4D6B8C10B
:10B7E000EECDA8B5C02E2E2E000000004F4B00005D
:10B7F00041540D0A00000000CFB5CDB33A20312EE0
:10B800003520B3F5CABCBBAFCDF8C2E7B9E6BED8A8
:10B810002E2E2E00415445300D0A000041542B437A
:10B82000574D4F44453D310D0A00000041542B4314
:10B8300049504D55583D300D0A000000CFB5CDB3ED
:10B840003A20322E20C1ACBDD3204B494B4920C8F1
:10B85000C8B5E3283230C3EB292E2E2E000000009D
:10B8600041542B43574A41503D224B494B49222CCE
:10B8700022736534647235667436220D0A00000046
:10B880002D3E20C8C8B5E3BDD3C8EBA3A1C7BFD622
:10B89000C6B5C8B4FDB7D6C5E449502E2E2E00005B
:10B8A000CFB5CDB33A20332E20D5FDD4DAC7C3BBF4
:10B8B000F7B0CDB7A8D4C6B4F3C3C52E2E2E000062
:10B8C000434F4E4E4543540041542B43495053542B
:10B8D0004152543D22544350222C2262656D6661D0
:10B8E0002E636F6D222C383334340D0A00000000B3
:10B8F0002D3E2054435020CED5CAD6B3C9B9A6A3F5
:10B90000A1000000CFB5CDB33A20342E20BFAAC687
:10B91000F4CDB8B4ABCDA8B5C02E2E2E00000000DB
:10B9200041542B4349504D4F44453D310D0A0000D1
:10B930003E00000041542B43495053454E440D0AEC
:10B9400000000000CFB5CDB33A20352E20B7A2CBF2
:10B95000CDC9E8B1B8C9CFCFDFB1A8CEC42E2E2E45
:10B96000000000004669736854616E6B00000000BF
:10B970003862316634616633333836323430623798
:10B98000393933353235353532333534643535620E
:10B9900000000000636D643D31267569643D2573C8
:10B9A00026746F7069633D25730D0A00080100203D
:10B9B0003D3D3D3D20B4F3C2FAB9E1A3A1B0CDB7FE
:10B9C000A8D4C6CDA8B5C0D2D1B4F2BFAA203D3DFF
:10B9D0003D3D0000D1CFD6D83A20C4A3BFE9CDA8C1
:10B9E000D1B6CAA7B0DCA3A1000000002D3E20C83C
:10B9F000C8B5E3C1ACBDD3CAA7B0DCA3A1000000A9
:10BA00002D3E20B7FECEF1C6F7C1ACBDD3CAA7B05C
:10BA1000DCA3A10030B51C49054687B008680024A6
:10BA200040F002000860086800F002000590164827
:10BA30001030016841F4802101600068142100F495
:10BA4000802005906846F4F792FE4FF44060009025
:10BA5000022001900120029003200390072004900F
:10BA600069460A48F7F700FE0A4909480860C1E933
:10BA70000154CC600C200C61C1E905040846F9F7BB
:10BA8000A4FA07B030BD0000303802400004024084
:10BA9000004800400801002038B542F224140B444D
:10BAA00002449BB292B20094F9F7FAFE38BD03B497
:10BAB00001984100009850EAC12018BF04204A0DA7
:10BAC00018BF40F0010040F2FF72B2EB515F08BFB7
:10BAD00040F00200012808BF052002B0704700B501
:10BAE0002DED048BB0EE409AF0EE609A83B051ECED
:10BAF000190B01F017F841EC180B18EE100A18EEAC
:10BB0000901A8DED008B002818BF0120084320F00B
:10BB10000040C0F17F6000F1E040C00F14D019EE8A
:10BB2000101A19EE900A8DED009B002918BF012113
:10BB3000084320F00040C0F17F6000F1E040C00FFA
:10BB400004BF0120F4F787FEB0EE480A03B0F0EE20
:10BB5000680ABDEC048B00BD30380A2801D20120F0
:10BB6000704700207047704710B504460420F9F76D
:10BB700091F90148046010BD7400002070B50546BD
:10BB800000244FF47A7603E0304600F005F8641C98
:10BB9000AC42F9D370BD000070B54FF0E025002134
:10BBA0006C69094AAB6912685043AA699A42FCD091
:10BBB00002D2A3EB020302E0A4EB020633441944D1
:10BBC00013468142F1D370BD7400002070B500248B
:10BBD000FFF7C8FC0C4D4FF0C876641CE4B2292274
:10BBE00031460948FFF7FCFC2878AA2809D0142020
:10BBF000FFF7C4FF0A2CF0D32878AA2801D001202F
:10BC000070BD002070BD0000E890002003490A6864
:10BC10005206FCD5C2B24A607047000000100140D5
:10BC20002DED048B4FF00009CEB04F46F7F722FE02
:10BC30000823022219214FF4B470FDF7EDFFB42060
:10BC4000FFF792FF4FF4E135284600F075FCF5F759
:10BC50006BFFF5F74BFFF5F7E5FEFDF72DFDF9F767
:10BC60004FFEFA4C20688047FDF716FAF6F7A8FB5E
:10BC7000FDF70EFCFFF7AAFFF549DFF8D883088827
:10BC8000A8F81A004988A8F81C1038B94FF4487071
:10BC9000A8F81A004FF4F070A8F81C00B8F81A10B1
:10BCA0000A461E3900EE101AB8EEC00ADFEDEA0AA5
:10BCB00020EE200ABCEEC00A10EE100A00EE101AA8
:10BCC000A8F82000B8EEC00ADFEDE40A143020EE38
:10BCD000200ABCEEC00A10EE101AA8F822100A21A1
:10BCE000A8F82410A8F8260040F23A20A8F8280066
:10BCF000B8F81C00A0F23F20C8F85800322802DA39
:10BD00003220C8F85800143AA8F82A209620A8F83B
:10BD10002C00D720A8F82E006920A8F834004FF492
:10BD2000A070A8F8300040F2A910A8F83200FDF782
:10BD3000F5F8F6F7BFFAFFF72BF8FFF72BFBFEF746
:10BD4000A5FFC7A0FDF74EF9C9A0FDF74BF928469E
:10BD5000FFF760FEFFF7B6FC4FF4FA7502E02846E5
:10BD6000FFF70CFFF6F7E8F80028F8D1B8F826003E
:10BD7000B8F82210B6EE009A00EB510086B2A6F198
:10BD80006C0085B2A3464FF0000ADBF804105C4655
:10BD90000020884794F83400000679D5A346A0898E
:10BDA000B8F82C10248C0027A1F12802944221DD40
:10BDB00028318C421ED2A6F15A01884207DD323169
:10BDC000884204DA98ED0E0A30EE490A0AE006F1DC
:10BDD00028018842D9D932318842D6D298ED0E0A4C
:10BDE00030EE090A88ED0E0AFFF74EFB6420FFF7DC
:10BDF000C5FECAE7B8F828108C4224D9D8F85820D4
:10BE00001144A1421FDDB8F91E00411C18D0201AB0
:10BE100000B210F10A0F08DAD8E91221D8F8500060
:10BE2000891A81420CDD401C06E00A28ADDDD8F8F5
:10BE30005000002804DD401EC8F85000FFF726F827
:10BE4000A8F81E40A1E7B8F82E108C423ED901F1A7
:10BE5000240294423AD2A8420AD905F13E0188420E
:10BE600006D298F8060028B388F806A085A01FE03F
:10BE700005F14D0188420CD93E31884209D298F82B
:10BE80000600012816D0012088F8060080A00FE0E7
:10BE900051E105F19A0188420CD93E31884209D21C
:10BEA00098F80600022805D0022088F806007BA03A
:10BEB000FDF798F8FEF76CFF5C4602E06168002031
:10BEC000884794F83400000693D5F7E798F80620E1
:10BED000022A14D101F12402944210D948318C4233
:10BEE0000DD298F80700401DC0B288F807003C2822
:10BEF00002D9052088F80700FEF74AFF17E1B8F8D5
:10BF000030108C423DD901F12402944239D2A8422A
:10BF10000AD905F13E01884206D298F8080020B3FC
:10BF200088F808A061A01EE005F14D0188420BD9F8
:10BF30003E31884208D298F80800012815D0012027
:10BF400088F808005CA00EE005F19A0188420CD93F
:10BF50003E31884209D298F80800022805D0022014
:10BF600088F8080057A0FDF73DF8FFF713FA5C4684
:10BF700002E061680020884794F834000006A3D5E9
:10BF8000F7E798F80820022A12D101F1240294421E
:10BF90000ED948318C420BD298F809001E2805D0E2
:10BFA0001E2088F80900FFF7F5F9C0E03C20F8E70B
:10BFB000B8F832108C4247D901F12402944243D29E
:10BFC000A8420AD905F13E01884206D298F80A0033
:10BFD00070B388F80AA03FA028E005F14D0188421F
:10BFE00015D93E31884212D298F80C0000BB3CA013
:10BFF000FCF7F8FF00210320F5F7E6FD012088F8A3
:10C000000C00032088F80D00FEF740FE10E005F15B
:10C010009A0188420CD93E31884209D298F80A0028
:10C02000022805D0022088F80A0031A0FCF7DAFFC8
:10C03000FEF72CFE5C4602E061680020884794F819
:10C04000340000069BD5F7E75AE00000940000207A
:10C05000408F002000000020AE47E13E295C0F3FEA
:10C06000CFB5CDB3C6F4B6AFBECDD0F72E2E2E00D1
:10C07000B1A8BEAFCFB5CDB3D2D1B9D2D4D82E2EC0
:10C080002E000000B9FDC2CB3A20CDA3D6B90000E6
:10C09000B9FDC2CB3A20BFAAC6F40000B9FDC2CB9D
:10C0A0003A20D7D4B6AFC4A3CABD0000D4F6D1F5A8
:10C0B0003A20CDA3D6B90000D4F6D1F53A20BFAAD4
:10C0C000C6F40000D4F6D1F53A20D7D4B6AFC4A355
:10C0D000CABD0000CDB6CAB33A20BDFBD3C3000031
:10C0E000CAD6B6AFCDB6CAB3C6F4B6AF000000002C
:10C0F000CDB6CAB33A20D7D4B6AFC4A3CABD0000E8
:10C1000098F80A0002287FF474AE01F124008442FA
:10C110007FF66FAE48318C42BFF46BAE98F80B00DF
:10C120000C2806D00C2088F80B00FEF7AFFD9620F7
:10C130005DE61820F7E74FF0FF30A8F81E004446F0
:10C140000A20FFF71BFD09F10109B9F1640F34DB87
:10C15000206C4FF00009401C2064207B80B1607B84
:10C16000401E10F0FF0060730AD101210320F5F793
:10C170002BFD84F80CA096A0FCF734FFFEF786FD9B
:10C18000A07A022819D1207BB8B9E07A0C2853D0C4
:10C190009348D4E91012891A81420ED3002103205A
:10C1A000F5F712FD0120207303206073206C60649A
:10C1B0008CA0FCF717FFFEF769FD7F1C322F7FF77D
:10C1C00018AEFDF78DFB8B4F4FF480713846F7F7B3
:10C1D00039FBA07310213846F7F734FB864FA07463
:10C1E00008213846F7F72EFBE07404213846F7F7AC
:10C1F00029FB2075F5F76AFE58B1A0F54071523958
:10C2000007D000EE100AF2EE040AB8EEC00A80EE83
:10C21000208A0A210520F7F77DF800EE100AB8EE13
:10C22000400ADFED760A764960EE208A18EE900A21
:10C23000884204DD64200EE04AF6C000A9E79FEDC5
:10C24000710AC8EE800A9FED700A20EE800ABDEEEA
:10C25000C00A10EE100A0746A07B012801D020B1C9
:10C2600009E0A07D38B969A003E0A07D012802D1D2
:10C270006BA0FCF7B7FEA07BA075E07C012804D181
:10C28000E07D10B96CA0FCF7ADFEE07CE075207D90
:10C29000012804D1207E10B96CA0FCF7A3FE207DFC
:10C2A0002076A07C30B1E17C012903D0A27B012A59
:10C2B00013D00DE0607D01280AD184F815A001217A
:10C2C0000420F5F781FCA07C28B165A0FCF78AFE6C
:10C2D000A07B78B117E069A0F8E7A1B9012812D1D5
:10C2E000607D80B90120607500210420F5F76CFCA9
:10C2F00069A0EBE794ED0E0AB4EEC08AF1EE10FAF5
:10C3000001D2012100E00021E1730020F5F75CFC7F
:10C31000A07901280ED002280ED1206C4FF4616163
:10C32000B0FBF1F201FB1201E079C0EB0010B1EBC0
:10C33000800F01D2012100E0002121740120F5F7D6
:10C3400043FC207A01280AD002280AD1607A226CA4
:10C350004100B2FBF1F301FB1321814201D2012123
:10C3600000E0002161740220F5F72EFC3846F0EE63
:10C37000680AB0EE480AFEF729FE606D401C606551
:10C38000062822DB18EE100A00F082FD41EC110BAA
:10C39000217DE07CCDE9000153EC112B46A134A8AE
:10C3A000F3F79EFF34A800904EA351A259A102A812
:10C3B000F3F796FF02A8F4F73EF982B2642302A9CC
:10C3C0005C48F8F7E1FEC4F854A00027DDE4000063
:10C3D000CDB6CAB3D6B4D0D0CDEAB1CF00000000FC
:10C3E00080510100D7D4B6AFCDB6CAB3BFAAC6F448
:10C3F0000000000000000240001C02403333533AAA
:10C40000CDCC4C40CDCC4C400000C842BEAFB1A812
:10C410003A20D3E3B8D7CBAECEBBB9FDB5CD210022
:10C42000CCE1CABE3A20D3E3B8D7CBAECEBBD2D193
:10C43000BBD6B8B42E000000BEAFB1A83A20B2B946
:10C44000CBAECFE4D2D1BFD521000000BEAFB1A8A2
:10C450003A20D3E3C1B8B4E6C1BFB2BBD7E32100F1
:10C46000B2B9CBAE3A20CBAECFE4C8B1CBAEA3AC21
:10C47000C7BFD6C6B9D8B7A700000000B2B9CBAEC7
:10C480003A20CBAEC2FAB5BDB4EFB8DFCEBBA3AC99
:10C49000CDA3D6B900000000CFB5CDB33A20D3E389
:10C4A000B8D7C8B1CBAEA3ACBFAACABCD7D4B6AFBD
:10C4B000B2B9CBAE2E2E2E007B2374656D70233A5D
:10C4C00023252E3166232C237761746572233A234A
:10C4D0002564232C23666F6F64233A232564237D10
:10C4E000000000004669736854616E6B0000000034
:10C4F000386231663461663333383632343062370D
:10C500003939333532353535323335346435356282
:10C5100000000000636D643D32267569643D25733B
:10C5200026746F7069633D2573266D73673D2573AF
:10C530000D0A0000080100200749064AC1E9002051
:10C5400000208860C860086188610C204861084646
:10C55000F8F73BBD00100140B08E002010B5002957
:10C560000AD00878002807D005487844F4F726F95F
:10C57000002801D0002010BD0248784410BD000002
:10C58000825400007A54000010B500290AD00878BF
:10C59000002807D005487844F4F710F9002801D0A6
:10C5A000002010BD0248784410BD00007254000005
:10C5B0006A54000010B591EA030F48BF83F00043AE
:10C5C00000F18483841A71EB030C05D2121943EB3A
:10C5D0000C03001B61EB0C01DFF824E14FEA11545E
:10C5E000A4EB135C1EEA430F18BF9EEA445F73D0AE
:10C5F00023EA0E03DCF1200E21EA045143F48013F8
:10C6000032D322FA0CFE10EB0E0023FA0CFE41EBA3
:10C610000E01CCF1200E03FA0EFE10EB0E0051F1CC
:10C620000001B1F5801FCCF1200E32D201EB045194
:10C6300012FA0EF2BDE8104058BF7047401C38BFD8
:10C640005FEA420218BF7047002814BF20F00100C3
:10C6500041F100014FEA410313F5001F38BF704755
:10C66000A1F1C04100F016BA012A43EB0302ACF17C
:10C67000200CDCF11F0E32BF4FF0000E23FA0CF33A
:10C6800010EB030041EB0451B4EB115FD0D0A1EBF0
:10C69000045101F5801149085FEA300001EB0451B3
:10C6A0000ED350F1000038BF12FA0EFE08D1BDE8DB
:10C6B0001040C9E7401C38BF5FEA4202CAD1C3E755
:10C6C000BDE810404FEA410313F5001F38BF704723
:10C6D000A1F1C04100F0DEB99EEA445F08D011EA42
:10C6E0005E0FBDE8104004BF01F00041002070471C
:10C6F000BDE8104070B500F07FF900BF64FBBE3E9E
:10C700000000E0FF491058BFC1F140415B1058BF25
:10C71000C3F140438B42EFF3008070474FEA41037F
:10C720004FEA5353A3F58063D3F11E03C8BFD3F17F
:10C73000210C0CDD4FF0004242EAC12242EA505285
:10C7400032FA03FC8CEAE17CACEBE1707047102B11
:10C75000C4BF0020704703F5787CBCF1FF3F04D0D4
:10C760006FF0004282EA2100704770B500F044F992
:10C770004992248000207047F2E700004FEA1153ED
:10C78000A3F58063D3F11E03A8BFD3F1200C08DB0F
:10C790004FF0004242EAC12252EA505232FA03F00C
:10C7A000704709420BD4102BC4BF0020704703F51B
:10C7B000787CBCF1FF3F05D04FF0FF3070474FF061
:10C7C0000000704770B500F017F900BF499224804F
:10C7D00000207047F0E710F0004248BF4042B0FA36
:10C7E00080F310FA03F10AD0C3F11D0303F580634F
:10C7F0004FEA415002EB035202EBD12170474FF058
:10C8000000007047B0FA80F310FA03F10AD0C3F1C8
:10C810001D0303F580634FEA41504FEA035202EBD8
:10C82000D12170474FF000007047000051EA030C1F
:10C8300017D41CF5801F58BFBCF5801F00F106807F
:10C84000994218BF704708BF9042704707D711F54B
:10C85000801F58BF13F5801F19D499427047894231
:10C8600070471CF5801F08D5BCF5801FF7D58B429B
:10C8700018BF704708BF824270474FF4001C1CEB82
:10C88000410F38BF1CEB430F01D28B42704770B58C
:10C8900000F0B2F8922449004FF000514FF080535D
:10C8A000FFF730BFDFF848C170B51CEA111E1EBF8C
:10C8B0001CEA13159EEA0C0F95EA0C0F00F06F802E
:10C8C00081EA030423EA4C134EEAD47E21EA4C1198
:10C8D00041F4801143F48013AE44A1FB024CA0FB51
:10C8E0000365AEF17F7E361955EB0C05A1FB034CB9
:10C8F0004CF10003A0FB021C16EB0C06654153F142
:10C900000003094218BF46F0010613F4007F0BD163
:10C910004FEA03314FEA0530340341EA155140EA4A
:10C9200016506FF003020AE04FEAC3214FEAC52018
:10C93000F40241EA555140EA56506FF0020202EB10
:10C940002E4201EB025585EACE710AD05FEA440C13
:10C9500018BF24F0004450F1000041F1000120EA2A
:10C96000D47040F2FE7C624500D270BDA84214BF74
:10C970004FF080444FF04044002E08BF0024BEF129
:10C98000806FA8BFA1F1C041BDE8704080F28280F5
:10C990004FF0000001F1C04101F0004170479EEAF4
:10C9A0000C0F0CEA131518BF95EA0C0F06D04FF0C8
:10C9B000000081EA030E0EF0004170BD00F01CF88B
:10C9C0008900013E00F007B800F009B84FEA430CB7
:10C9D0005FEA5C5C08D081EA030100F05BB84FEAD3
:10C9E000410C5FEA5C5CF6D14FF0000001497047F2
:10C9F0000000FF070000F87F0EF1020E2EF0030E7C
:10CA00005EF8046B364205D4012A43EB030515F5A5
:10CA1000001F12D8012841EB010C1CF5001F0CD897
:10CA20000ED14FEAD17C15F5001F0CEB4C0C0CF12C
:10CA3000020C08BF4CEBD37C04E04FF0080C01E083
:10CA40004FEAD37C0CEB4C0526FA05F606F00706F8
:10CA5000B6F1040C06D20EEB860CBDE870404CF02B
:10CA6000010C6047DFE80CF0090B02024FF00041B7
:10CA70004FF00000A1F5002170BD194610460128B5
:10CA800051EB010418BFD4F5001484BF002001F05D
:10CA9000004170BD0808A0F500114FEA3101704750
:10CAA00053EA010C17D41CF5801F58BFBCF5801F3A
:10CAB00000F106808B4218BF704708BF8242704762
:10CAC00007D713F5801F58BF11F5801F19D48B426B
:10CAD00070479B4270471CF5801F08D5BCF5801F2E
:10CAE000F7D5994218BF704708BF904270474FF47E
:10CAF000001C1CEB430F38BF1CEB410F01D29942C5
:10CB000070470FB40CBC03BCFFF7C1BE91EA030F22
:10CB100010B581F000413FF555AD83F0004300F0C2
:10CB2000D5B800002DE9F04101F5801CBCF5001FCF
:10CB3000C0F2A9804FEA115C21EA0C510CF1FD0C06
:10CB400041F480115FEA5C0C0CF5C07C01D340001D
:10CB5000494130A4890241EA905187028E0E0A0CA5
:10CB6000A45D04FB04F602FB06F6C6F14046A4FBF6
:10CB70000662F60D46EA422606FB06F4A4FB0123F4
:10CB80005242C3F1404338BF5B1EA6FB0242002461
:10CB9000E6FB0324D20B42EA4446A6FB0623A1FB94
:10CBA00002E2A3FB07E4E3FB61426442C2F1404EB0
:10CBB00038BFAEF1010EA6FB04234FF00002E6FBE6
:10CBC0000E32A2FB03463400E2FB6264A1FB06E6E0
:10CBD000A4FB07E8E4FB61687642C8F1405838BF1F
:10CBE000A8F10108A2FB06E4A3FB08E5E2FB6854F8
:10CBF000A1FB05E6A7FB04E8E1FB648618F120052C
:10CC000056F10006A809A8F11B08B10908F03F0871
:10CC1000B8F10A0F40EA86601CD901EB0C51BDE85F
:10CC2000F08100BFFCF5EEE8E2DDD8D3CFCBC7C37F
:10CC3000C0BDB9B6B4B1AEACA9A7A5A3A19F9D9B39
:10CC40009A9896959392908F8D8C8B8988878685FC
:10CC500084838281A0FB006800FB01F208EB42089C
:10CC6000B8EB872807D5341858EB0104D5D5401CFC
:10CC700051F10001D1E7341A78EB0104CDD4401E04
:10CC800071F10001C9E75FEA4C0C5FEA9C5C0DD1D1
:10CC900005D34FF0000001F00041BDE8F081BDE890
:10CCA000F04170B5FFF7A8FE6DDBFFBEBDE8F041B7
:10CCB0004FF00000004970470000F87F10B591EA7E
:10CCC000030F48BF83F000433FF57CAC841A71EB3F
:10CCD000030C07D212198CF0004C43EB0C03001B21
:10CCE00061EB0C01DFF8A4E14FEA1154A4EB135CF3
:10CCF0001EEA430F18BF9EEA445F00F0B08023EAAB
:10CD00006E03524221EA0451C3EB6E0338BF5B1E2F
:10CD1000DCF1200E25D322FA0CFE10EB0E0043FAB4
:10CD20000CFE41EB0E01CCF1200E03FA0EFE10EBCF
:10CD30000E0051F10001CCF1200E29D412FA0EF2AE
:10CD400001EB0451BDE8104058BF7047401C1CBFA8
:10CD5000B2F1004F704700280CBF491C20F00100C1
:10CD6000704712EB020E43EB030218BF4FF0010EA7
:10CD70004EEA4202ACF1200CDCF11E0E54D943FA0B
:10CD80000CFE10EB0E0051F1FF31CCF11E0ED5D58B
:10CD90000EF1010E12FA0EFE404141EB010101EBD2
:10CDA000445C5FEA5C5C10D910EBDE7001EB04516F
:10CDB00038BFBEF1004FBDE8104018BF70470028D3
:10CDC0000CBF491C20F00100704730D24FEAD42C30
:10CDD00011F5001124F400641BD0B1FA81F20B3A72
:10CDE000A41AA41ED2F12003914030FA03F3194390
:10CDF000904001EBCC71002C01EB0451BDE81040D8
:10CE0000A8BF704701F1C0414FF0000001F00041A0
:10CE10007047B0FA80F310FA03F100D110BDE41AA4
:10CE2000173C4805C90AE4E701EB045110BD49105D
:10CE300001EB0451BDE810404FEA300002E04FF032
:10CE4000000170474A0008BF0042F8D0B2F5001F49
:10CE500028BF704701F000414FF0000070479EEA84
:10CE6000445F07D011EA5E0FBDE8104004BF002107
:10CE700000207047BDE8104070B5FFF7BDFD00BF52
:10CE800040DFF63E83F00041104670470000E0FFAF
:10CE900043004FEAD30C4FEA3C0C43401FBF40070E
:10CEA0000CF1605113F0FE4F70471CF0006F03D17E
:10CEB00000200CF0004170470CF0004343EA507032
:10CEC00010B540EACC0000F00EF800BF0000009260
:10CED0004FEA0001FFF7DEBD4FF000414FF00000C8
:10CEE000A1F5002170470EF1020E2EF0030E5EF840
:10CEF000044B244204D44FEA4102B2F17F4F11D8CF
:10CF00004FEA4003B3F17F4F0CD80ED14FEAD07CEB
:10CF1000B2F17F4F0CEB4C0C0CF1020C08BF4CEB48
:10CF2000D17C04E04FF0080C01E04FEAD17C0CEB1F
:10CF30004C0324FA03F404F00704B4F1040C06D201
:10CF40000EEB840CBDE810404CF0010C6047DFE8AC
:10CF50000CF0070802024FF00040A0F5800010BD61
:10CF60000846420018BFD2F1807288BF00F000402E
:10CF700010BD4FF04070E1EE100A7047F3F7A3BD0B
:10CF8000000000000102030401020304060708096F
:10CF90000000000000000000000000000000000091
:10CFA0003F40000000000000000030004000300062
:10CFB0004000000009000BC03D000BC03D0009000F
:10CFC00018C024407FE0224031800000180024C0B7
:10CFD0001B000D803240018003801C4027401C80D4
:10CFE000074000401000600000000000000000004A
:10CFF0000000000000001F80204040200000402072
:10D0000020401F8000000000090006001F8006006D
:10D0100009000000040004003F8004000400000038
:10D020000010006000000000000000000400040088
:10D0300004000400040000000000004000000000A4
:10D0400000000000002001C0060038004000000081
:10D050001F802040204020401F8000000000104022
:10D060003FC000400000000018C021402240244082
:10D070001840000010802040244024401B80000005
:10D0800002000D0011003FC0014000003C80244020
:10D0900024402440238000001F802440244034404A
:10D0A000038000003000200027C03800200000006E
:10D0B0001B802440244024401B8000001C0022C010
:10D0C000224022401F8000000000000008400000B5
:10D0D00000000000000000000460000000000000EC
:10D0E000000004000A0011002080404009000900EF
:10D0F00009000900090000000000404020801100E4
:10D100000A0004001800200023402400180000003A
:10D110001F802040274029401F400000004007C0DA
:10D1200039000F0001C0004020403FC0244024408F
:10D130001B8000001F8020402040204030800000E5
:10D1400020403FC0204020401F80000020403FC0C2
:10D1500024402E4030C0000020403FC024402E001C
:10D16000300000000F001080204022403380020079
:10D1700020403FC0040004003FC020402040204029
:10D180003FC02040204000000060202020203FC001
:10D190002000200020403FC024400B0030C0204031
:10D1A00020403FC020400040004000C03FC03C0045
:10D1B00003C03C003FC0000020403FC00C402300A3
:10D1C0003FC020001F802040204020401F800000E2
:10D1D00020403FC024402400180000001F80214050
:10D1E000214020E01FA0000020403FC02440260036
:10D1F00019C0004018C02440244022403180000063
:10D20000300020403FC020403000000020003F8020
:10D21000004000403F80200020003E0001C0070089
:10D2200038002000380007C03C0007C0380000006C
:10D23000204039C0060039C020400000200038409E
:10D2400007C0384020000000304021C02640384050
:10D2500020C00000000000007FE0402040200000CF
:10D26000000070000C00038000400000000040201F
:10D2700040207FE00000000000002000400020006F
:10D28000000000000010001000100010001000103E
:10D2900000000000400000000000000000000280CC
:10D2A0000540054003C0004020003FC0044004404A
:10D2B000038000000000038004400440064000009A
:10D2C00000000380044024403FC000400000038071
:10D2D0000540054003400000000004401FC02440FA
:10D2E00024402000000002E00550055006500420B4
:10D2F00020403FC00440040003C000400000044040
:10D3000027C000400000000000100010041027E0BB
:10D310000000000020403FC00140070004C004405E
:10D32000204020403FC000400040000007C00400F3
:10D3300007C0040003C00000044007C0044004000C
:10D3400003C000400000038004400440038000004C
:10D35000041007F004500440038000000000038024
:10D360000440045007F00010044007C002400400CD
:10D3700004000000000006400540054004C0000015
:10D38000000004001F8004400040000004000780EB
:10D390000040044007C000400400070004C00180B2
:10D3A00006000400060001C0070001C006000000DE
:10D3B000044006C0010006C004400000041007102D
:10D3C00004E00180060004000000044005C006409F
:10D3D000044000000000000004007BE0402000004A
:10D3E000000000000000FFF00000000000004020EE
:10D3F0007BE00400000000004000800040002000AE
:10D4000020004000000000000000000000000000BC
:10D41000000000000000000000001FCC000C000015
:10D42000000000000000080030006000080030002C
:10D4300060000000022003FC1E20022003FC1E20CE
:10D440000220000000000E1811043FFF10840C7829
:10D45000000000000F0010840F3800C00778188407
:10D460000078000000780F8410C411240E9800E4A6
:10D470000084000808006800700000000000000040
:10D480000000000000000000000007E01818200461
:10D4900040020000000040022004181807E00000CD
:10D4A000000000000240024001800FF001800240B5
:10D4B000024000000080008000800FF800800080A3
:10D4C000008000000001000D000E000000000000C0
:10D4D00000000000000000800080008000800080CC
:10D4E000008000800000000C000C00000000000024
:10D4F0000000000000000006001800600180060027
:10D5000018002000000007F00808100410040808A4
:10D5100007F000000000080408041FFC00040004D9
:10D520000000000000000E0C1014102410441184A0
:10D530000E0C000000000C181004110411041288D5
:10D540000C700000000000E00320042408241FFCED
:10D550000024000000001F9810841104110410889A
:10D5600010700000000007F00888110411041888EA
:10D570000070000000001C00100010FC13001C00D4
:10D580001000000000000E38114410841084114473
:10D590000E38000000000700088C10441044088872
:10D5A00007F00000000000000000030C030C000066
:10D5B0000000000000000000000101060000000063
:10D5C0000000000000000080014002200410080854
:10D5D000100400000220022002200220022002206B
:10D5E000022000000000100408080410022001407E
:10D5F0000080000000000E001200100C106C108063
:10D600000F00000003E00C1813E4142417C40828CA
:10D6100007D000000004003C03C41C40074000E4A5
:10D62000001C000410041FFC1104110411040E88D6
:10D630000070000003E00C1810041004100410081F
:10D640001C10000010041FFC100410041004080833
:10D6500007F0000010041FFC1104110417C410048B
:10D660000818000010041FFC1104110017C010005E
:10D670000800000003E00C181004100410441C788B
:10D680000040000010041FFC108400800080108403
:10D690001FFC10040000100410041FFC10041004F0
:10D6A0000000000000030001100110011FFE100027
:10D6B0001000000010041FFC110403801464181CE7
:10D6C0001004000010041FFC1004000400040004F7
:10D6D000000C000010041FFC1F0000FC1F001FFCBA
:10D6E0001004000010041FFC0C04030000E01018DC
:10D6F0001FFC100007F008081004100410040808AC
:10D7000007F0000010041FFC1084108010801080AF
:10D710000F00000007F0081810241024101C080A3D
:10D7200007F2000010041FFC1104110011C0113099
:10D730000E0C000400000E1C110410841084104410
:10D740001C3800001800100010041FFC100410000A
:10D750001800000010001FF810040004000410045A
:10D760001FF8100010001E0011E0001C0070138054
:10D770001C0010001FC0103C00E01F0000E0103C27
:10D780001FC000001004180C163401C001C016346C
:10D79000180C100410001C00130400FC13041C00DF
:10D7A000100000000804101C1064108413041C04F2
:10D7B000101800000000000000007FFE4002400240
:10D7C00040020000000030000C0003800060001CDC
:10D7D0000003000000004002400240027FFE000003
:10D7E0000000000000000000200040004000400059
:10D7F0002000000000010001000100010001000103
:10D800000001000100004000400020000000000076
:10D81000000000000000009801240144014401447C
:10D8200000FC000410001FFC0088010401040088B3
:10D830000070000000000070008801040104010471
:10D840000088000000000070008801040104110835
:10D850001FFC0004000000F801440144014401449D
:10D8600000C800000000010401040FFC11041104B1
:10D8700011001800000000D601290129012901C961
:10D880000106000010041FFC0084010001000104D7
:10D8900000FC000400000104190419FC0004000449
:10D8A000000000000000000300010101190119FE41
:10D8B0000000000010041FFC0024004001B4010C13
:10D8C000010400000000100410041FFC0004000408
:10D8D00000000000010401FC0104010001FC01043E
:10D8E000010000FC010401FC0084010001000104AE
:10D8F00000FC0004000000F801040104010401041C
:10D9000000F80000010101FF008501040104008806
:10D91000007000000000007000880104010401058F
:10D9200001FF00010104010401FC00840104010065
:10D9300001800000000000CC012401240124012406
:10D940000198000000000100010007F80104010433
:10D9500000000000010001F80004000400040108B8
:10D9600001FC0004010001800170000C0010016046
:10D970000180010001F0010C003001C00030010CF9
:10D9800001F0010000000104018C00740170018CA1
:10D9900001040000010101810171000E0018016005
:10D9A0000180010000000184010C01340144018464
:10D9B000010C0000000000000000000001003EFC1F
:10D9C000400240020000000000000000FFFF0000D5
:10D9D000000000000000400240023EFC0100000088
:10D9E0000000000000006000800080004000400057
:10D9F00020002000000000000000000000000000E7
:10DA00000000000000000000000000000000000016
:10DA10000000000000000000000000000000000006
:10DA2000000000000000000F80380FFE380F803823
:10DA300000000000000000000000000000000000E6
:10DA400000000100000600000C000038000031005A
:10DA5000000600000C00003800003000000000004C
:10DA60000000000061800067F807F9800061800015
:10DA700061800061800061800067F807F9800061C3
:10DA80008000000000000000000001C0E003E0F0A2
:10DA90000630080418081FFFFE040E080787F0036D
:10DAA00081E000000000000001F000060C0004040A
:10DAB00008060C7001F9C0000E00003BE000EC18F5
:10DAC000070808040C180003E00000000001E00053
:10DAD00007F003F818041C0804170807E1D003C076
:10DAE000E00023B0003C0800200800001000000007
:10DAF0000000000100003100003200001C000000A6
:10DB00000000000000000000000000000000000015
:10DB10000000000000000000000000000000000005
:10DB2000000000007F0001FFC00780F00C0018100B
:10DB3000000420000200000000000020000210008D
:10DB4000040C00180780F001FFC0007F00000000F7
:10DB500000000000000000000000000000000000C5
:10DB60004200006600006600003C0000180003FF51
:10DB7000C0001800003C0000660000660000420083
:10DB80000000000008000008000008000008000075
:10DB9000080001FFC000080000080000080000089D
:10DBA0000000080000000000000100003100003209
:10DBB00000001C0000000000000000000000000049
:10DBC0000000000000000000000000000800000845
:10DBD000000008000008000008000008000008001D
:10DBE000000800000800000800000000000000001D
:10DBF000000000003800003800003800000000007D
:10DC00000000000000000000000000000000000014
:10DC100000000000000600001C00007000018000F1
:10DC20000E0000380000C0000700001C000030009B
:10DC300000000000000000007F8001FFE003807012
:10DC4000060018040008040008060018038070018C
:10DC5000FFE0007F800000000000000000000100E5
:10DC60000801000801000803FFF807FFF80000089A
:10DC70000000080000080000000000000000000193
:10DC8000C03802C0580400980401180402180404A3
:10DC900018061C1803F81801E0F800000000000046
:10DCA00000000001C0E003C0F004000804080804FC
:10DCB000080806180803F41801E7F00001E0000066
:10DCC00000000000000000000300000D0000110033
:10DCD00000610000810803010807FFF80FFFF8004A
:10DCE00001080001080000000000000000E007FC3F
:10DCF000D00608080610080610080610080618388E
:10DD0000060FF00607C00000000000000000000041
:10DD10003F8001FFE003843002081804100804105B
:10DD200008041008071810030FF00007C0000000D7
:10DD300000000000000003C000070000060000060D
:10DD400000F80607F806180006E0000700000600C5
:10DD50000000000000000001E1E003F7F0063410CD
:10DD6000041808041808040C08040C080616180304
:10DD7000F3F001C1E000000000000000F80003FC27
:10DD800030030638040208040208040208040410E0
:10DD90000308F001FFC0007F000000000000000049
:10DDA000000000000000000000000000703800705B
:10DDB0003800703800000000000000000000000083
:10DDC0000000000000000000000000000000000053
:10DDD000301A00301C0000000000000000000000AD
:10DDE0000000000000000000000000080000140017
:10DDF0000022000041000080800100400200200459
:10DE000000100800080000000000000021000021B0
:10DE1000000021000021000021000021000021005D
:10DE2000002100002100002100000000000000008F
:10DE300000000800080400100200200100400080DB
:10DE400080004100002200001400000800000000D3
:10DE500000000003C00004C00004000008003808EF
:10DE60000F380808380810000C300007E00003C025
:10DE700000000000000000003F8000FFE003807011
:10DE8000020F1006708804C088048308047F88028B
:10DE9000C09003012000FE400000080000180001AF
:10DEA000F8003E0801C20007020007E20000FE0081
:10DEB000001FC80001F8000038000008040008072F
:10DEC000FFF807FFF8040808040808040808040815
:10DED0000806180803F41801E7F00001E00000004C
:10DEE000000000003F8001FFE00380700200180482
:10DEF0000008040008040008040010060020078041
:10DF0000C000000004000807FFF807FFF80400083D
:10DF100004000804000804001802001003807001C7
:10DF2000FFE0007F8000000004000807FFF807FF03
:10DF3000F8040808040808040808040808043E084F
:10DF40000400080600180100600000000400080733
:10DF5000FFF807FFF8040808040800040800040894
:10DF600000043E00060000060000018000000000E2
:10DF7000000000003F8001FFE003807006001804ED
:10DF800000080402080402080203F00783F00002FC
:10DF90000000020004000807FFF807FFF804080863
:10DFA0000008000008000008000008000408080736
:10DFB000FFF807FFF804000800000000000004005C
:10DFC0000804000804000807FFF807FFF804000829
:10DFD0000400080400080000000000000000000029
:10DFE0000006000007000001040001040001040015
:10DFF0000307FFFE07FFFC0400000400000400000C
:10E0000004000807FFF807FFF8040C0800180000D8
:10E010003E0004C7800503C80600F8040038040069
:10E020001800000804000807FFF807FFF8040008BC
:10E0300000000800000800000800000800000800B8
:10E04000001800006000000004000807FFF80780C7
:10E050000807FC00007FC00003F80007C00078003C
:10E0600007800807FFF807FFF80400080400080706
:10E07000FFF807000803C00000E000003800001EA1
:10E08000000007000001C00400F007FFF8040000D2
:10E09000000000007F8001FFE0038070060018048C
:10E0A000000804000806001803003001FFE0007FAC
:10E0B0008000000004000807FFF807FFF8040408C8
:10E0C000040400040400040400040400060C00031B
:10E0D000F80001F000000000000000007F8001FF58
:10E0E000E00380700600880400880400C806003C35
:10E0F00003003E01FFE6007F8400000004000807E3
:10E10000FFF807FFF8040808040800040C00040FD7
:10E1100000040BC00610F003F03801E0080000080E
:10E1200000000001E0F803F0300630100418080485
:10E130001808040C08040C080206180207F00781EE
:10E14000E000000001800006000004000004000060
:10E1500004000807FFF807FFF804000804000004A3
:10E16000000006000001800004000007FFE007FF38
:10E17000F004001800000800000800000800000873
:10E1800000000804001007FFE0040000040000067F
:10E19000000007E00007FE00041FE00001F8000097
:10E1A000380001E0043E0007C00006000004000043
:10E1B00004000007E00007FFC0041FF80007C007C5
:10E1C000F80007FF80043FF80007C004F8000700CC
:10E1D0000004000000000004000806001807C078D2
:10E1E00005F1C8003E00001F800463E80780F806C0
:10E1F000001804000800000004000006000007806A
:10E200000007E008047C08001FF80007F800180861
:10E2100004E0080700000600000400000000000100
:10E2200000080600380400F80403E8040F08047C22
:10E230000805F00807C00807001804006000000087
:10E240000000000000000000000000000000003F8F
:10E25000FFFE200002200002200002200002200019
:10E26000020000000000000000000800000700009D
:10E2700000C0000038000006000001C000003000AF
:10E28000000E00000100000000000000000020005F
:10E29000022000022000022000022000023FFFFEB8
:10E2A000000000000000000000000000000000006E
:10E2B00000000000000800001000003000002000F6
:10E2C0000030000010000008000000000000000006
:10E2D0000000010000010000010000010000010039
:10E2E0000001000001000001000001000001000029
:10E2F00001000001000000000000000000200000FC
:10E3000020000010000010000000000000000000CD
:10E3100000000000000000000000000000F00019F4
:10E32000F8001B180022080026080024080024100A
:10E33000003FF8001FF8000008000018000000046B
:10E34000000007FFF80FFFF0001818001008002069
:10E3500008002008003018001FF0000FC000000067
:10E360000000000007C0001FF00018300020080067
:10E370002008002008003C08001C1000006000007D
:10E38000000000000000000007C0001FF000381867
:10E3900000200800200800200804101007FFF80FD4
:10E3A000FFF0000010000000000000000000000767
:10E3B000C0001FF0001230002218002208002208BE
:10E3C000003208001E10000E2000000000000000B7
:10E3D000200000200800200801FFF803FFF80620B5
:10E3E00008042008042008072000030000000000A3
:10E3F00000000000000E000E6E001FF30031B1009F
:10E4000020B10020B1003191001F13002E1E00200A
:10E410000E00300000000004000807FFF80FFFF8AE
:10E42000001008002000002000002008003FF80035
:10E430001FF800000800000000000000000000209D
:10E4400008002008002008063FF8063FF8000008F2
:10E4500000000800000800000000000000000000AC
:10E460000000000003000003002001002001002044
:10E4700003063FFE063FFC00000000000000000015
:10E4800000000004000807FFF80FFFF800018800F3
:10E490000300002FC00038F80020380020080000DA
:10E4A000080000000000000000000400080400084C
:10E4B00004000807FFF80FFFF8000008000008003C
:10E4C0000008000000000000002008003FF8003FA6
:10E4D000F8001008002000003FF8003FF800100886
:10E4E000002000003FF8003FF80000080000000096
:10E4F0002008003FF8003FF800100800100000203E
:10E5000000002008003FF8001FF80000080000008D
:10E510000000000007C0000FF000183000300800B5
:10E520002008002008003008001830000FF0000715
:10E53000C0000000000000002001003FFF003FFF7E
:10E5400000101100200900200800200800303800C9
:10E550001FF0000FC00000000000000007C0001FF7
:10E56000F0003818002008002008002009001011D1
:10E57000001FFF003FFF0000010000000020080016
:10E580002008002008003FF8003FF80008080010AD
:10E5900008002008002000003000003000000000CB
:10E5A000000000000000000C78001E180033080076
:10E5B00023080021080021880021980030F000384D
:10E5C000600000000000000020000020000020008B
:10E5D00000FFF003FFF800200800200800200800DA
:10E5E0000030000000000000000000002000003F9C
:10E5F000F0007FF80000180000080000080020105C
:10E60000003FF8007FF00000100000000000000054
:10E610002000003000003C00003F800023F000009C
:10E6200078000070002380003C00003000002000D3
:10E63000002000003C00003FE00023F80000E00064
:10E640002700003E00003FE00021F80001E0003E0E
:10E6500000002000000000002008002008003838DA
:10E66000003E680027800003C8002CF800383800FE
:10E6700020180020080000000000000020000030EA
:10E6800003003C01003F830023EC00007000238066
:10E69000003C0000200000200000000000000000FE
:10E6A00000000038080020380020F80023E8002F80
:10E6B00088003E08003808002018000070000000A4
:10E6C000000000000000000000000000000000004A
:10E6D00008000014001FF7FC3000062000020000B4
:10E6E000000000000000000000000000000000002A
:10E6F000000000000000FFFFFF000000000000001D
:10E7000000000000000000000000000000002000E9
:10E71000023000061FF7FC00140000080000000093
:10E7200000000000000000000000000000000018D1
:10E7300000006000004000004000002000001000C9
:10E74000000800000400000400000C00001000009D
:10E7500000000000000000000000000000000000B9
:10E7600000000000000000000000000000000000A9
:10E770000000000000000000000000000000000099
:10E780000000000000000000000000000000000089
:10E790000000000000000000000000000000000079
:10E7A0000000000000000000000000000000000069
:10E7B0000000000000000000000000000000000059
:10E7C0000000000000000000000000000000000049
:10E7D0000000000000000000000000000000000039
:10E7E000000000000000000007F000C007FFE1E0AB
:10E7F00007F001E0000000C0000000000000000081
:10E800000000000000000000000000000000000008
:10E8100000000000000000000000000000000000F8
:10E8200000000000000000000000000000000000E8
:10E8300000000000000000000000000000000000D8
:10E8400000000000000000000000000000000000C8
:10E8500000000000000000000020000001C00000D7
:10E86000078000001F0000001E0000001C200000A8
:10E8700001C00000078000001F0000001E00000013
:10E880001C0000000000000000000000000000006C
:10E890000000000000000000000000000000000078
:10E8A0000000000000000000000000000000000068
:10E8B0000000000000000000000000000000000058
:10E8C0000000000000000000000000000000000048
:10E8D0000000000000180C0000180C0000180FE0E9
:10E8E000001FFC0003F80C0000180C0000180C00BE
:10E8F00000180C0000180C0000180FE0001FFC00AE
:10E9000003F80C0000180C0000180C0000000000B8
:10E9100000000000000000000000000000000000F7
:10E9200000000000000000000000000000000000E7
:10E9300000000000000000000000000000000000D7
:10E9400000000000000000000000000000000000C7
:10E95000000000000000000000000780007807C0F1
:10E9600000FC0640010E0020030700200203802067
:10E970000FFFFFFC0201C0200200E0600130704088
:10E9800001F03F8000F01F000000000000000000C8
:10E990000000000000000000000000000000000077
:10E9A0000000000000000000000000000000000067
:10E9B0000000000000000000000000000000000057
:10E9C0000000000000000000000000000000000047
:10E9D00000FE000001FF00000301800002008060D3
:10E9E000030181C001FF070000FE18000000E000E5
:10E9F0000003BF00000CFFC00071806001C1002057
:10EA0000030180600000FFC000003F000000000024
:10EA100000000000000000000000000000000000F6
:10EA200000000000000000000000000000000000E6
:10EA300000000000000000000000000000000000D6
:10EA400000000000000000000000000000000000C6
:10EA500000001F0000007FC000FCC0C001FF8060FC
:10EA60000303E0200202782002061E2003FC074078
:10EA700001F00380000103C000011C600001E020E0
:10EA800000010020000100400000018000000000A3
:10EA90000000000000000000000000000000000076
:10EAA0000000000000000000000000000000000066
:10EAB0000000000000000000000000000000000056
:10EAC0000000000000000000000000000000000046
:10EAD00000000000002000001C6000001C4000003E
:10EAE0001F8000000F000000000000000000000078
:10EAF0000000000000000000000000000000000016
:10EB00000000000000000000000000000000000005
:10EB100000000000000000000000000000000000F5
:10EB200000000000000000000000000000000000E5
:10EB300000000000000000000000000000000000D5
:10EB400000000000000000000000000000000000C5
:10EB500000000000000000000000000000000000B5
:10EB60000000000000000000000000000007F800A6
:10EB7000003FFF00007807C001C000E00300003044
:10EB8000040000080800000410000002000000005B
:10EB90000000000000000000000000000000000075
:10EBA0000000000000000000000000000000000065
:10EBB0000000000000000000000000000000000055
:10EBC0000000000000000000000000000000000045
:10EBD000000000001000000208000004040000080B
:10EBE0000300003001C000E0007807C0003FFF00D4
:10EBF0000007F80000000000000000000000000016
:10EC00000000000000000000000000000000000004
:10EC100000000000000000000000000000000000F4
:10EC200000000000000000000000000000000000E4
:10EC300000000000000000000000000000000000D4
:10EC400000000000000000000000000000000000C4
:10EC50000000000000000000000C1800000E38004A
:10EC6000000E3800000630000003600000614380A1
:10EC700000FFFF80006143000003600000063000D9
:10EC8000000E3800000E3800000C180000000000D4
:10EC90000000000000000000000000000000000074
:10ECA0000000000000000000000000000000000064
:10ECB0000000000000000000000000000000000054
:10ECC0000000000000000000000000000000000044
:10ECD0000000000000000000000080000000800034
:10ECE0000000800000008000000080000000800024
:10ECF000007FFF0000008000000080000000800016
:10ED00000000800000008000000080000000000083
:10ED100000000000000000000000000000000000F3
:10ED200000000000000000000000000000000000E3
:10ED300000000000000000000000000000000000D3
:10ED400000000000000000000000000000000000C3
:10ED50000000000000000001000000E3000000E2ED
:10ED6000000000FC0000007800000000000000002F
:10ED70000000000000000000000000000000000093
:10ED80000000000000000000000000000000000083
:10ED90000000000000000000000000000000000073
:10EDA0000000000000000000000000000000000063
:10EDB0000000000000000000000000000000000053
:10EDC0000000000000000000000000000000000043
:10EDD00000000000000080000000800000008000B3
:10EDE0000000800000008000000080000000800023
:10EDF0000000800000008000000080000000800013
:10EE00000000800000008000000080000000000082
:10EE100000000000000000000000000000000000F2
:10EE200000000000000000000000000000000000E2
:10EE300000000000000000000000000000000000D2
:10EE400000000000000000000000000000000000C2
:10EE50000000000000000000000000C0000001E011
:10EE6000000001E0000000C0000000000000000001
:10EE70000000000000000000000000000000000092
:10EE80000000000000000000000000000000000082
:10EE90000000000000000000000000000000000072
:10EEA0000000000000000000000000000000000062
:10EEB0000000000000000000000000000000000052
:10EEC0000000000000000000000000000000000042
:10EED000000000000000000C00000038000000E00E
:10EEE0000000038000000E00000038000000E00079
:10EEF00000038000000E00000038000000E0000069
:10EF0000038000000E000000180000000000000058
:10EF100000000000000000000000000000000000F1
:10EF200000000000000000000000000000000000E1
:10EF300000000000000000000000000000000000D1
:10EF400000000000000000000000000000000000C1
:10EF50000000000000000000000FF800007FFF002C
:10EF600000F00780018000C0030000600200002064
:10EF7000020000200200002003000060018000C0A9
:10EF800000E00380007FFF00000FF8000000000099
:10EF90000000000000000000000000000000000071
:10EFA0000000000000000000000000000000000061
:10EFB0000000000000000000000000000000000051
:10EFC0000000000000000000000000000000000041
:10EFD0000000000000000000000000000080002091
:10EFE00000800020008000200080006001FFFFE022
:10EFF00003FFFFE000000060000000200000002090
:10F0000000000020000000000000000000000000E0
:10F0100000000000000000000000000000000000F0
:10F0200000000000000000000000000000000000E0
:10F0300000000000000000000000000000000000D0
:10F0400000000000000000000000000000000000C0
:10F050000000000000000000007800E0009801605F
:10F0600001000260020004600200086002001060FB
:10F0700002002060020040600300806001830060A5
:10F0800001FE00E0007C078000000000000000009E
:10F090000000000000000000000000000000000070
:10F0A0000000000000000000000000000000000060
:10F0B0000000000000000000000000000000000050
:10F0C0000000000000000000000000000000000040
:10F0D000000000000000000000F0078001F007C001
:10F0E0000100004002000020020100200201002077
:10F0F00002010020030380200186804001FCC0C083
:10F1000000787F8000001E0000000000000000006A
:10F1100000000000000000000000000000000000EF
:10F1200000000000000000000000000000000000DF
:10F1300000000000000000000000000000000000CF
:10F1400000000000000000000000000000000000BF
:10F150000000000000000800000038000000480027
:10F160000001880000060800000C0810003008109C
:10F170000040081001FFFFF003FFFFF003FFFFF066
:10F180000000081000000810000008100000000037
:10F19000000000000000000000000000000000006F
:10F1A000000000000000000000000000000000005F
:10F1B000000000000000000000000000000000004F
:10F1C000000000000000000000000000000000003F
:10F1D000000000000000000000000780001F8640C3
:10F1E00003E10020030200200304002003040020A8
:10F1F000030400200304002003060040030301C0B1
:10F200000301FF8003007E000000000000000000FA
:10F2100000000000000000000000000000000000EE
:10F2200000000000000000000000000000000000DE
:10F2300000000000000000000000000000000000CE
:10F2400000000000000000000000000000000000BE
:10F2500000000000000000000007FC00003FFF006D
:10F260000070C380008180C00101006003020020A3
:10F2700002020020020200200202002002030040DD
:10F2800001C180C000C0FF8000007E0000000000BF
:10F29000000000000000000000000000000000006E
:10F2A000000000000000000000000000000000005E
:10F2B000000000000000000000000000000000004E
:10F2C000000000000000000000000000000000003E
:10F2D000000000000000000000F0000003C000007B
:10F2E0000380000003000000030007E003003FE08C
:10F2F0000301C000030600000318000003600000C3
:10F300000380000003000000000000000000000077
:10F3100000000000000000000000000000000000ED
:10F3200000000000000000000000000000000000DD
:10F3300000000000000000000000000000000000CD
:10F3400000000000000000000000000000000000BD
:10F350000000000000001F0000783F8000FC60C03B
:10F36000018EC0400307802002030020020180209C
:10F37000020180200201C0200301E040018670C02C
:10F3800000FC3F8000781F0000000000000000002B
:10F39000000000000000000000000000000000006D
:10F3A000000000000000000000000000000000005D
:10F3B000000000000000000000000000000000004D
:10F3C000000000000000000000000000000000003D
:10F3D00000000000003F000000FF81C001C0C1C06C
:10F3E00001006020020020200200202002002020D6
:10F3F00002002060020040C00100C18000C18F00F7
:10F40000007FFE00001FF000000000000000000070
:10F4100000000000000000000000000000000000EC
:10F4200000000000000000000000000000000000DC
:10F4300000000000000000000000000000000000CC
:10F4400000000000000000000000000000000000BC
:10F4500000000000000000000000000000000000AC
:10F460000000000000000000000300C0000781E071
:10F47000000781E0000300C0000000000000000061
:10F48000000000000000000000000000000000007C
:10F49000000000000000000000000000000000006C
:10F4A000000000000000000000000000000000005C
:10F4B000000000000000000000000000000000004C
:10F4C000000000000000000000000000000000003C
:10F4D000000000000000000000000000000000002C
:10F4E0000000000000000000000600660006007832
:10F4F000000000000000000000000000000000000C
:10F5000000000000000000000000000000000000FB
:10F5100000000000000000000000000000000000EB
:10F5200000000000000000000000000000000000DB
:10F5300000000000000000000000000000000000CB
:10F5400000000000000000000000000000000000BB
:10F550000000000000000000000080000001C0006A
:10F560000003600000063000000C180000180C00BA
:10F57000003006000060030000C001800100004070
:10F580000200002004000010000000000000000045
:10F59000000000000000000000000000000000006B
:10F5A000000000000000000000000000000000005B
:10F5B000000000000000000000000000000000004B
:10F5C000000000000000000000000000000000003B
:10F5D00000000000000410000004100000041000EF
:10F5E00000041000000410000004100000041000CB
:10F5F00000041000000410000004100000041000BB
:10F6000000041000000410000004100000000000BE
:10F6100000000000000000000000000000000000EA
:10F6200000000000000000000000000000000000DA
:10F6300000000000000000000000000000000000CA
:10F6400000000000000000000000000000000000BA
:10F650000000000000000000040000100200002074
:10F660000100004000C0018000600300003006007F
:10F6700000180C00000C18000006300000036000A9
:10F680000001C00000008000000000000000000039
:10F69000000000000000000000000000000000006A
:10F6A000000000000000000000000000000000005A
:10F6B000000000000000000000000000000000004A
:10F6C000000000000000000000000000000000003A
:10F6D00000000000000000000078000001F80000B9
:10F6E0000238000002000000040000C0040079E0BD
:10F6F000040081E0040100C00403000002020000D5
:10F700000306000001FC000000F8000000000000FB
:10F7100000000000000000000000000000000000E9
:10F7200000000000000000000000000000000000D9
:10F7300000000000000000000000000000000000C9
:10F7400000000000000000000000000000000000B9
:10F7500000000000000FF800003FFE00007007806E
:10F7600000C000C00101F8400307FC20021E042075
:10F770000230082002203020023FFC20013F0440DC
:10F7800001800CC000E03180001FC20000000000BA
:10F790000000000000000000000000000000000069
:10F7A0000000000000000000000000000000000059
:10F7B0000000000000000000000000000000000049
:10F7C0000000000000000000000000000000000039
:10F7D0000000002000000060000003E000003E2068
:10F7E0000003E020003E200003E020000380200012
:10F7F00007FC2000003FE0000003FE2000003FE087
:10F80000000001E0000000200000002000000000D7
:10F8100000000000000000000000000000000000E8
:10F8200000000000000000000000000000000000D8
:10F8300000000000000000000000000000000000C8
:10F8400000000000000000000000000000000000B8
:10F8500000000000020000200200002003FFFFE083
:10F8600003FFFFE00201002002010020020100204E
:10F8700002010020020100200303002001868060B5
:10F8800001FCC0C000F87F8000001F0000000000E5
:10F890000000000000000000000000000000000068
:10F8A0000000000000000000000000000000000058
:10F8B0000000000000000000000000000000000048
:10F8C0000000000000000000000000000000000038
:10F8D000000000000007F800003FFF0000700780F4
:10F8E00000C000C001000040030000200200002012
:10F8F0000200002002000020020000200100004061
:10F90000018000C003C0018000300600000000003C
:10F9100000000000000000000000000000000000E7
:10F9200000000000000000000000000000000000D7
:10F9300000000000000000000000000000000000C7
:10F9400000000000000000000000000000000000B7
:10F9500000000000020000200200002003FFFFE082
:10F9600003FFFFE002000020020000200200002050
:10F97000020000200300006001000040018000C080
:10F9800000F00780007FFE00000FF800000000007C
:10F990000000000000000000000000000000000067
:10F9A0000000000000000000000000000000000057
:10F9B0000000000000000000000000000000000047
:10F9C0000000000000000000000000000000000037
:10F9D00000000000020000200200002003FFFFE002
:10F9E00003FFFFE0020100200201002002010020CD
:10F9F000020100200201002002038020020FE0200B
:10FA00000300006003C000E000600300000000008D
:10FA100000000000000000000000000000000000E6
:10FA200000000000000000000000000000000000D6
:10FA300000000000000000000000000000000000C6
:10FA400000000000000000000000000000000000B6
:10FA500000000000020000200200002003FFFFE081
:10FA600003FFFFE00201002002010020020100006C
:10FA700002010000020100000201000002038000F8
:10FA8000030FE0000300000003C00000006000005E
:10FA90000000000000000000000000000000000066
:10FAA0000000000000000000000000000000000056
:10FAB0000000000000000000000000000000000046
:10FAC0000000000000000000000000000000000036
:10FAD000000000000007F800003FFE0000700780F3
:10FAE00001C001C00100004003000020020000200E
:10FAF0000200002002000020010020200100204020
:10FB000003C03F8000303F80000020000000200044
:10FB100000000000000000000000000000000000E5
:10FB200000000000000000000000000000000000D5
:10FB300000000000000000000000000000000000C5
:10FB400000000000000000000000000000000000B5
:10FB5000020000200200002003FFFFE003FFFFE09F
:10FB60000200802002008020000080000000800051
:10FB700000008000020080200200802003FFFFE0E0
:10FB800003FFFFE002000020020000200000000050
:10FB90000000000000000000000000000000000065
:10FBA0000000000000000000000000000000000055
:10FBB0000000000000000000000000000000000045
:10FBC0000000000000000000000000000000000035
:10FBD0000000000000000000000000000200002003
:10FBE00002000020020000200200002003FFFFE0CE
:10FBF00003FFFFE0020000200200002002000020BE
:10FC000002000020000000000000000000000000D2
:10FC100000000000000000000000000000000000E4
:10FC200000000000000000000000000000000000D4
:10FC300000000000000000000000000000000000C4
:10FC400000000000000000000000000000000000B4
:10FC5000000000000000000E0000000F0000000F78
:10FC60000000000102000001020000010200000388
:10FC70000200000603FFFFFC03FFFFF80200000084
:10FC8000020000000200000002000000000000006E
:10FC90000000000000000000000000000000000064
:10FCA0000000000000000000000000000000000054
:10FCB0000000000000000000000000000000000044
:10FCC0000000000000000000000000000000000034
:10FCD00000000000020000200200002003FFFFE0FF
:10FCE00003FFFFE00200C0200201002000078000A7
:10FCF000000FE0000030F80002603E2003800F207B
:10FD0000030003E0020000E00200002000000020E9
:10FD100000000000000000000000000000000000E3
:10FD200000000000000000000000000000000000D3
:10FD300000000000000000000000000000000000C3
:10FD400000000000000000000000000000000000B3
:10FD500000000000020000200200002003FFFFE07E
:10FD600003FFFFE00200002002000020000000204E
:10FD70000000002000000020000000200000002003
:10FD800000000060000000E0000003000000000030
:10FD90000000000000000000000000000000000063
:10FDA0000000000000000000000000000000000053
:10FDB0000000000000000000000000000000000043
:10FDC0000000000000000000000000000000000033
:10FDD000020000200200002003FFFFE003E00020FB
:10FDE00003FF0020001FF0000001FF8000000FE073
:10FDF00000001E000003E000003E002003E00020A1
:10FE000003FFFFE003FFFFE00200002002000020EC
:10FE100000000000000000000000000000000000E2
:10FE200000000000000000000000000000000000D2
:10FE300000000000000000000000000000000000C2
:10FE400000000000000000000000000000000000B2
:10FE5000020000200200002003FFFFE003800020DA
:10FE600003F0002000FC0000001F00000007C0009D
:10FE70000001F00000007C0002001F80020007E08B
:10FE800003FFFFE00200000002000000000000008D
:10FE90000000000000000000000000000000000062
:10FEA0000000000000000000000000000000000052
:10FEB0000000000000000000000000000000000042
:10FEC0000000000000000000000000000000000032
:10FED00000000000000FF800003FFE0000F0078067
:10FEE000018000C00100004002000020020000204C
:10FEF000020000200200002001000040018000C03C
:10FF000000F00380003FFE00000FF800000000003A
:10FF100000000000000000000000000000000000E1
:10FF200000000000000000000000000000000000D1
:10FF300000000000000000000000000000000000C1
:10FF400000000000000000000000000000000000B1
:10FF500000000000020000200200002003FFFFE07C
:10FF600003FFFFE0020080200200802002008000EA
:10FF70000200800002008000020080000301800077
:10FF80000183000000FE0000007C00000000000073
:10FF90000000000000000000000000000000000061
:10FFA0000000000000000000000000000000000051
:10FFB0000000000000000000000000000000000041
:10FFC0000000000000000000000000000000000031
:10FFD00000000000000FF800007FFF0000F0038029
:10FFE000018001C00100064002000420020004203C
:10FFF00002000620020003E0010000F80180005C1E
:020000040801F1
:1000000000E0038C003FFF0C000FFC180000000014
:1000100000000000000000000000000000000000E0
:1000200000000000000000000000000000000000D0
:1000300000000000000000000000000000000000C0
:1000400000000000000000000000000000000000B0
:1000500000000000020000200200002003FFFFE07B
:1000600003FFFFE0020100200201002002018000E6
:100070000201E0000201FC0003033F80018607E06B
:1000800001FC00E000F8002000000020000000005B
:100090000000000000000000000000000000000060
:1000A0000000000000000000000000000000000050
:1000B0000000000000000000000000000000000040
:1000C0000000000000000000000000000000000030
:1000D00000000000000000000078060000FE01E0C3
:1000E000018600C0030300400203002002018020BB
:1000F000020180200201C0200200C0200100E06057
:10010000018070C003E03F8000001F00000000007D
:1001100000000000000000000000000000000000DF
:1001200000000000000000000000000000000000CF
:1001300000000000000000000000000000000000BF
:1001400000000000000000000000000000000000AF
:1001500000000000006000000380000003000000B9
:1001600002000000020000200200002003FFFFE068
:1001700003FFFFE002000020020000200200000058
:10018000020000000380000000E00000000000000A
:10019000000000000000000000000000000000005F
:1001A000000000000000000000000000000000004F
:1001B000000000000000000000000000000000003F
:1001C000000000000000000000000000000000002F
:1001D000020000000200000003FFFF0003FFFFC059
:1001E000020000400200006000000020000000202B
:1001F00000000020000000200200004002000080FB
:1002000003FFFF00020000000200000000000000E9
:1002100000000000000000000000000000000000DE
:1002200000000000000000000000000000000000CE
:1002300000000000000000000000000000000000BE
:1002400000000000000000000000000000000000AE
:1002500000000000020000000200000003C00000D7
:1002600003FC0000023FC0000003F80000007F8094
:10027000000007E000000780000078000203C000D3
:10028000023C000003C00000020000000200000069
:10029000000000000000000000000000000000005E
:1002A000000000000000000000000000000000004E
:1002B000000000000000000000000000000000003E
:1002C000000000000000000000000000000000002E
:1002D0000200000003C0000003FF8000023FFE0098
:1002E00002007FE000000F000200F00003EF0000BA
:1002F00003FF8000020FFE0000003FE000001F002F
:100300000207E00003F80000030000000200000004
:1003100000000000000000000000000000000000DD
:1003200000000000000000000000000000000000CD
:1003300000000000000000000000000000000000BD
:1003400000000000000000000000000000000000AD
:10035000000000000200002002000020038000E0F6
:1003600003F0032002FC0C20021F30000007C00035
:100370000007F00002187C0002601F20038003E0E9
:10038000020000E002000020000000200000000049
:10039000000000000000000000000000000000005D
:1003A000000000000000000000000000000000004D
:1003B000000000000000000000000000000000003D
:1003C000000000000000000000000000000000002D
:1003D00000000000020000000300000003C0000055
:1003E00003F80000023E0020020FC0200001FFE0E1
:1003F00000007FE000038020021C0020027000004B
:100400000380000002000000020000000000000065
:1004100000000000000000000000000000000000DC
:1004200000000000000000000000000000000000CC
:1004300000000000000000000000000000000000BC
:1004400000000000000000000000000000000000AC
:100450000000000000000020006000E0038003E0D6
:1004600003000FA002003E200200F8200203E0205B
:10047000020F8020023E00200278002003E000608E
:10048000038000E002000300000000000000000004
:10049000000000000000000000000000000000005C
:1004A000000000000000000000000000000000004C
:1004B000000000000000000000000000000000003C
:1004C000000000000000000000000000000000002C
:1004D000000000000000000000000000000000001C
:1004E00000000000000000001FFFFFFC10000004DF
:1004F00010000004100000041000000410000004AC
:1005000010000004100000040000000000000000C3
:1005100000000000000000000000000000000000DB
:1005200000000000000000000000000000000000CB
:1005300000000000000000000000000000000000BB
:1005400000000000000000000000000000000000AB
:100550000000000000000000000000000700000094
:1005600003C0000000780000001E00000003C0006F
:100570000000F00000001E0000000780000000F0F6
:100580000000003C00000006000000000000000029
:10059000000000000000000000000000000000005B
:1005A000000000000000000000000000000000004B
:1005B000000000000000000000000000000000003B
:1005C000000000000000000000000000000000002B
:1005D00000000000000000001000000410000004F3
:1005E00010000004100000041000000410000004BB
:1005F000100000041FFFFFFC0000000000000000CE
:1006000000000000000000000000000000000000EA
:1006100000000000000000000000000000000000DA
:1006200000000000000000000000000000000000CA
:1006300000000000000000000000000000000000BA
:1006400000000000000000000000000000000000AA
:10065000000000000000000000000000000000009A
:100660000200000004000000080000001800000064
:100670001000000018000000180000000400000036
:100680000200000000000000000000000000000068
:10069000000000000000000000000000000000005A
:1006A000000000000000000000000000000000004A
:1006B000000000000000000000000000000000003A
:1006C000000000000000000000000000000000002A
:1006D0000000000100000001000000010000000116
:1006E0000000000100000001000000010000000106
:1006F00000000001000000010000000100000001F6
:1007000000000001000000010000000100000001E5
:1007100000000000000000000000000000000000D9
:1007200000000000000000000000000000000000C9
:1007300000000000000000000000000000000000B9
:1007400000000000000000000000000000000000A9
:100750000000000000000000000000001000000089
:100760001000000010000000180000000800000049
:100770000400000000000000000000000000000075
:100780000000000000000000000000000000000069
:100790000000000000000000000000000000000059
:1007A0000000000000000000000000000000000049
:1007B0000000000000000000000000000000000039
:1007C0000000000000000000000000000000000029
:1007D000000000000000038000018FC000038C6057
:1007E000000618200004102000041020000420201F
:1007F00000042040000620400003FFC00001FFE08D
:100800000000002000000020000000C000000000E8
:1008100000000000000000000000000000000000D8
:1008200000000000000000000000000000000000C8
:1008300000000000000000000000000000000000B8
:1008400000000000000000000000000000000000A8
:1008500000000000020000000200000003FFFFE0B3
:1008600007FFFFC0000180C00002006000020020FE
:1008700000040020000400200004002000060040C6
:10088000000300C00001FF800000FE000000000027
:100890000000000000000000000000000000000058
:1008A0000000000000000000000000000000000048
:1008B0000000000000000000000000000000000038
:1008C0000000000000000000000000000000000028
:1008D000000000000000000000007E000001FF801A
:1008E000000381C000020040000600200004002038
:1008F0000004002000040020000600200003C04087
:100900000001C080000003000000000000000000A3
:1009100000000000000000000000000000000000D7
:1009200000000000000000000000000000000000C7
:1009300000000000000000000000000000000000B7
:1009400000000000000000000000000000000000A7
:10095000000000000000000000007E000001FF8099
:10096000000380C000060060000400200004002096
:1009700000040020020400400202008003FFFFE0A8
:1009800007FFFFC000000040000000400000000022
:100990000000000000000000000000000000000057
:1009A0000000000000000000000000000000000047
:1009B0000000000000000000000000000000000037
:1009C0000000000000000000000000000000000027
:1009D000000000000000000000007E000001FF8019
:1009E000000311C000021040000410600004102039
:1009F0000004102000041020000610200003104006
:100A00000001F0C0000071000000000000000000C4
:100A100000000000000000000000000000000000D6
:100A200000000000000000000000000000000000C6
:100A300000000000000000000000000000000000B6
:100A400000000000000000000000000000000000A6
:100A5000000000000000000000040000000400206E
:100A60000004002000040020007FFFE001FFFFE001
:100A700001040020030400200204002002040020DE
:100A8000020400000200000001C0000001C00000DC
:100A90000000000000000000000000000000000056
:100AA0000000000000000000000000000000000046
:100AB0000000000000000000000000000000000036
:100AC0000000000000000000000000000000000026
:100AD00000000000000000000000001C0000E33ED9
:100AE0000003FFC200020CC3000404C1000404C1DF
:100AF000000404C1000404C100060CC10003F8C3D3
:100B00000005F0620006007E0006003C00000000C8
:100B100000000000000000000000000000000000D5
:100B200000000000000000000000000000000000C5
:100B300000000000000000000000000000000000B5
:100B400000000000000000000000000000000000A5
:100B500000000000020000200200002003FFFFE070
:100B600007FFFFE000010020000200200006000057
:100B70000004000000040000000400200006002023
:100B80000003FFE00001FFE0000000200000002063
:100B90000000000000000000000000000000000055
:100BA0000000000000000000000000000000000045
:100BB0000000000000000000000000000000000035
:100BC0000000000000000000000000000000000025
:100BD00000000000000000000000000000040020F1
:100BE0000004002000040020000400200387FFE030
:100BF000038FFFE0038000200000002000000020A1
:100C000000000020000000000000000000000000C4
:100C100000000000000000000000000000000000D4
:100C200000000000000000000000000000000000C4
:100C300000000000000000000000000000000000B4
:100C400000000000000000000000000000000000A4
:100C5000000000000000000000000000000000068E
:100C60000000000700000001000000010004000176
:100C70000004000100040003000400060387FFFCD9
:100C8000038FFFF803800000000000000000000058
:100C90000000000000000000000000000000000054
:100CA0000000000000000000000000000000000044
:100CB0000000000000000000000000000000000034
:100CC0000000000000000000000000000000000024
:100CD00000000000020000200200002003FFFFE0EF
:100CE00007FFFFE000000820000010200000300097
:100CF0000000FC0000058E00000707A0000601E0D0
:100D0000000400E0000400200000002000000000BB
:100D100000000000000000000000000000000000D3
:100D200000000000000000000000000000000000C3
:100D300000000000000000000000000000000000B3
:100D400000000000000000000000000000000000A3
:100D50000000000000000000000000000200002071
:100D600002000020020000200200002003FFFFE03C
:100D700007FFFFE00000002000000020000000202E
:100D80000000002000000000000000000000000043
:100D90000000000000000000000000000000000053
:100DA0000000000000000000000000000000000043
:100DB0000000000000000000000000000000000033
:100DC0000000000000000000000000000000000023
:100DD00000000000000400200007FFE0000FFFE01B
:100DE0000002002000040000000400200007FFE0D3
:100DF0000003FFE0000200200004000000040020C7
:100E00000007FFE00003FFE00000002000000000FA
:100E100000000000000000000000000000000000D2
:100E200000000000000000000000000000000000C2
:100E300000000000000000000000000000000000B2
:100E400000000000000000000000000000000000A2
:100E50000000000000040020000400200007FFE064
:100E6000000FFFE00001002000020020000200004F
:100E70000004000000040000000400200006002020
:100E80000003FFE00001FFE0000000200000002060
:100E90000000000000000000000000000000000052
:100EA0000000000000000000000000000000000042
:100EB0000000000000000000000000000000000032
:100EC0000000000000000000000000000000000022
:100ED000000000000000000000007E000000FF8015
:100EE000000381C000020040000600200004002032
:100EF0000004002000040020000600200002004042
:100F0000000381C00001FF8000007E00000000009F
:100F100000000000000000000000000000000000D1
:100F200000000000000000000000000000000000C1
:100F300000000000000000000000000000000000B1
:100F400000000000000000000000000000000000A1
:100F50000000000000040001000400010007FFFF82
:100F6000000FFFFF000100C100020041000400204B
:100F700000040020000400200004002000060040BF
:100F8000000301C00001FF8000007E00000000009F
:100F90000000000000000000000000000000000051
:100FA0000000000000000000000000000000000041
:100FB0000000000000000000000000000000000031
:100FC0000000000000000000000000000000000021
:100FD000000000000000000000007E000001FF8013
:100FE000000380C000020060000400200004002014
:100FF000000400200004002000020041000300C1A2
:101000000003FFFF0007FFFF0000000100000001D8
:1010100000000000000000000000000000000000D0
:1010200000000000000000000000000000000000C0
:1010300000000000000000000000000000000000B0
:1010400000000000000000000000000000000000A0
:101050000000000000040020000400200004002024
:1010600000040020000FFFE0000FFFE00000C020A0
:101070000001002000020020000600200004000003
:101080000004000000070000000300000000000052
:101090000000000000000000000000000000000050
:1010A0000000000000000000000000000000000040
:1010B0000000000000000000000000000000000030
:1010C0000000000000000000000000000000000020
:1010D0000000000000000000000003E00001C0E08C
:1010E0000003E040000630200004302000041820F7
:1010F000000418200004182000040C2000020C60DA
:10110000000307C00007838000000000000000000B
:1011100000000000000000000000000000000000CF
:1011200000000000000000000000000000000000BF
:1011300000000000000000000000000000000000AF
:10114000000000000000000000000000000000009F
:101150000000000000000000000400000004000087
:1011600000040000000C0000001FFF8000FFFFC013
:10117000000400600004002000040020000400209F
:10118000000400400000018000000000000000009A
:10119000000000000000000000000000000000004F
:1011A000000000000000000000000000000000003F
:1011B000000000000000000000000000000000002F
:1011C000000000000000000000000000000000001F
:1011D0000000000000040000000400000007FF8081
:1011E000000FFFC000000060000000200000002091
:1011F00000000020000000200004004000040080E7
:101200000007FFE0000FFFC00000004000000040AA
:1012100000000000000000000000000000000000CE
:1012200000000000000000000000000000000000BE
:1012300000000000000000000000000000000000AE
:10124000000000000000000000000000000000009E
:1012500000000000000400000004000000078000FF
:101260000007F0000004FE0000041FC0000003E0BF
:101270000000038000001C000004600000078000E4
:101280000006000000040000000000000000000054
:10129000000000000000000000000000000000004E
:1012A000000000000000000000000000000000003E
:1012B000000000000000000000000000000000002E
:1012C000000000000000000000000000000000001E
:1012D00000040000000600000007C0000007FC003A
:1012E00000043F80000003E000040F800006F000CF
:1012F0000007F0000007FF8000040FE000000380FB
:1013000000043C000007C0000006000000040000CC
:1013100000000000000000000000000000000000CD
:1013200000000000000000000000000000000000BD
:1013300000000000000000000000000000000000AD
:10134000000000000000000000000000000000009D
:1013500000000000000000200004002000040060E5
:10136000000700E0000783200007E6000004F80003
:1013700000003C0000045E20000587A0000601E09C
:1013800000040060000400200000002000000000B5
:10139000000000000000000000000000000000004D
:1013A000000000000000000000000000000000003D
:1013B000000000000000000000000000000000002D
:1013C000000000000000000000000000000000001D
:1013D00000000000000400000004000300070003F8
:1013E0000007E0010004F80100041F02000007FCF0
:1013F000000000E000000700000438000007C00003
:1014000000060000000400000004000000000000CE
:1014100000000000000000000000000000000000CC
:1014200000000000000000000000000000000000BC
:1014300000000000000000000000000000000000AC
:10144000000000000000000000000000000000009C
:10145000000000000000000000078060000600E0BF
:10146000000403E0000407A000040E2000043C2058
:10147000000470200005E0200007802000070060C5
:10148000000400E0000003800000000000000000F5
:10149000000000000000000000000000000000004C
:1014A000000000000000000000000000000000003C
:1014B000000000000000000000000000000000002C
:1014C000000000000000000000000000000000001C
:1014D000000000000000000000000000000000000C
:1014E000000000000000000000000000000080007C
:1014F000000080000001400007FE3FF808000004E3
:1015000010000002100000020000000000000000B7
:1015100000000000000000000000000000000000CB
:1015200000000000000000000000000000000000BB
:1015300000000000000000000000000000000000AB
:10154000000000000000000000000000000000009B
:10155000000000000000000000000000000000008B
:10156000000000000000000000000000000000007B
:10157000FFFFFFFF0000000000000000000000006F
:10158000000000000000000000000000000000005B
:10159000000000000000000000000000000000004B
:1015A000000000000000000000000000000000003B
:1015B000000000000000000000000000000000002B
:1015C000000000000000000000000000000000001B
:1015D00000000000000000001000000210000002E7
:1015E0000800000407FE3FF80001400000008000F2
:1015F000000080000000000000000000000000006B
:1016000000000000000000000000000000000000DA
:1016100000000000000000000000000000000000CA
:1016200000000000000000000000000000000000BA
:1016300000000000000000000000000000000000AA
:10164000000000000000000000000000000000009A
:101650000000000018000000300000004000000002
:1016600040000000400000002000000030000000AA
:10167000080000000400000002000000020000005A
:10168000020000000C000000180000000000000034
:10169000000000000000000000000000000000004A
:1016A000000000000000000000000000000000003A
:1016B000000000000000000000000000000000002A
:1016C000000000000000000000000000000000001A
:1016D00050190108030009000F0015001B0050817C
:1016E000588160816881708160E0012003053500C8
:1016F00002081E08503C0F050000FF67500000184C
:101700001A1E1489280A302EBB0A03000002331D5A
:10171000000000000000003200002A1C5A94C5029C
:1017200007000000B51F00902800773200623F00DC
:1017300052500052000000000000000000000000B5
:1017400000000000000000000000000F0F03061062
:1017500042F80F14000000001A18161412100E0C94
:101760000A08000000000000000000000000000067
:1017700000000000000029282422201F1E1D0E0C3E
:101780000A080605040200FF000000000000000037
:10179000000000FFFFFFFFFFFFFFFFFFFFFFFFFF56
:1017A0005081588160816881708141000520030A61
:1017B0003D20010A280F6E5A0305000000000000BA
:1017C00000181A1E148F2FAA26240C08000000816E
:1017D000032D00000000000000000000001A3C94EF
:1017E000C502070000049E1C0089210077270068BD
:1017F0002E005B37005B00000000000000000000CE
:1018000000000000000000000000000000000000D8
:101810000000000000000000000019181716151441
:1018200011100F0E0D0C0908070605040100000039
:1018300000000000000000000002040607080A0C77
:101840000D0F1011121314191B1C1E1F202122230F
:10185000242526272829FFFF0000000000000000A3
:1018600000005D01508158816081688170817881BC
:10187000808188819081988100010005001000140A
:101880000018303132333435363738394142434429
:1018900045464030580030313233343536373839E8
:1018A00061626364656640307800040000080000EF
:1018B00000000000000200010000100002400000D3
:1018C000000000A00000000005400000000000C86B
:1018D000000000000C4000000000409C00000000E0
:1018E000194000000020BCBE000000003440000091
:1018F000BFC91B8E00000004B5400000504BCFD084
:101900006607E2CF010000006C4100003E8251AA50
:10191000DFEEA73401000000D9420000DCB5A0E2F0
:101920003A301F97FFFFFFFFB4450000FD25A0C818
:10193000E9A3C14FFFFFFFFFFF3F00000000008051
:1019400000000000FF3F00000000008000000000D9
:10195000506C6561736520757365207468652073CC
:1019600074796C757320636C69636B20746865208F
:1019700063726F7373206F6E207468652073637277
:1019800065656E2E5468652063726F737320776986
:101990006C6C20616C77617973206D6F7665207552
:1019A0006E74696C207468652073637265656E205F
:1019B00061646A7573746D656E7420697320636FFA
:1019C0006D706C657465642E00000000181B0108C2
:1019D00000000020E8000000E8010008001C0108E9
:1019E000E800002090960000040200081C0000009F
:1019F00043000000F8FFFFFF0C0000000E00000095
:101A00000F0000002E000000100100004300000045
:101A1000F8FFFFFF0040404040404040404041410F
:101A200041414140404040404040404040404040B3
:101A3000404040404005020202020202020202024D
:101A4000020202020220202020202020202020024A
:101A500002020202020290909090909010101010DA
:101A60001010101010101010101010101010101076
:101A7000020202020202888888888888080808080A
:101A800008080808080808080808080808080808D6
:101A900002020202400000000000000000000000FE
:101AA0000000000000000000000000000000000036
:101AB0000000000000000000000000000000000026
:101AC0000000000000000000000000000000000016
:101AD0000000000000000000000000000000000006
:101AE00000000000000000000000000000000000F6
:101AF00000000000000000000000000000000000E6
:101B000000000000000000000000000000000000D5
:101B100000000000000000000114011E020C01146E
:101B2000011E020C00000000000000000000000088
:101B300000002003E001FFFF0000000000000000A3
:101B40000000000000000000000000000000000095
:101B50000000D0410000D041000000000000000063
:101B60000300000000000000000000000000000072
:101B7000000000000024F40000000000000000004D
:101B8000010203040607080900000000000000002D
:101B90000000000000000000000000FFFFFFFFFF4A
:101BA0000000000000000000D0900000D1A4000858
:101BB00009A800086D9E0008000000000000000059
:101BC0000000000000000000000000000000000015
:101BD0000000000000000000000000000000000005
:101BE00000000000000000000000000000000000F5
:101BF000000000000500000000000000000018EFD9
:04000005080001AD41
:00000001FF
